"","id","entidad","sexo","edad","nivel_esc","esc_cve","esc_nombre","lenguaje","cognitivas","sociales","tecnicas","puesto","year_exp","bin_year_exp","trabajos_n","palabras_n","validaciones_n","contactos_n","rimbo_n","carrera_cve","sostenimiento","experiencia","p1","p2","p3","puesto_1"
"5",2006,9,"1","35","1",671,"EL COLEGIO DE MÉXICO, A.C.",0,0,1,0,"4",10,1,14,14,0,500,0,3,"1","1",3,2,16000,1
"7",2008,9,"1","34","1",712,"UNIVERSIDAD NACIONAL AUTÓNOMA DE MÉXICO",1,2,5,0,"4",6,1,6,139,114,311,0,6,"1","1",3,3,18000,1
"11",2012,15,"2","33","1",671,"EL COLEGIO DE MÉXICO, A.C.",1,13,12,4,"4",10,1,22,242,426,500,0,4,"1","1",3,3,11000,1
"18",2030,9,"1","35","1",590,"INSTITUTO TECNOLÓGICO AUTÓNOMO DE MÉXICO",1,9,5,2,"1",10,1,12,352,114,500,0,3,"0","1",3,1,10500,0
"21",2035,9,"1","33","2",2169,"INSTITUTO TECNOLÓGICO Y DE ESTUDIOS SUPERIORES DE MONTERREY",1,0,10,1,"2",10,1,22,526,104,500,0,6,"0","1",4,3,12000,0
"23",2037,22,"1","35","2",2169,"INSTITUTO TECNOLÓGICO Y DE ESTUDIOS SUPERIORES DE MONTERREY",0,9,8,1,"4",10,1,12,384,0,93,0,7,"0","1",2,2,7500,1
"32",2055,9,"1","31","2",1635,"UNIVERSIDAD DEL VALLE DE MÉXICO",1,3,9,2,"4",6,1,10,123,6,601,4,10,"0","1",3,2,11000,1
"35",2059,9,"2","36","2",1635,"UNIVERSIDAD DEL VALLE DE MÉXICO",1,5,3,0,"4",5,1,11,76,18,575,0,6,"0","1",3,3,18000,1
"39",2065,9,"2","31","2",2213,"UNIVERSIDAD AUTÓNOMA DE NUEVO LEÓN",1,6,11,4,"2",8,1,12,229,84,477,2,2,"1","1",3,3,19000,0
"40",2066,19,"2","35","2",2213,"UNIVERSIDAD AUTÓNOMA DE NUEVO LEÓN",1,2,3,0,"4",8,1,16,96,0,198,0,4,"1","1",3,3,18000,1
"46",2072,15,"2","36","1",2213,"UNIVERSIDAD AUTÓNOMA DE NUEVO LEÓN",1,5,10,2,"4",12,1,17,153,167,500,1,3,"1","1",4,3,12000,1
"56",2093,9,"2","31","2",1649,"UNIVERSIDAD LUCERNA",1,3,0,2,"4",5,1,13,76,14,137,0,6,"0","1",3,3,17000,1
"66",2106,15,"1","31","2",1649,"UNIVERSIDAD LUCERNA",1,6,6,2,"4",6,1,10,154,32,500,0,4,"0","1",3,3,15000,1
"67",2107,15,"1","33","2",1649,"UNIVERSIDAD LUCERNA",1,2,6,3,"4",15,1,10,41,0,130,0,10,"0","1",3,3,18000,1
"86",3022,15,"2","35","1",712,"UNIVERSIDAD NACIONAL AUTÓNOMA DE MÉXICO",1,0,0,0,"4",10,1,8,21,11,167,0,7,"1","1",2,2,11000,1
"87",3023,9,"2","34","2",1187,"UNIVERSIDAD AUTÓNOMA DE GUERRERO",1,0,0,0,"4",2,1,10,46,0,500,0,5,"1","1",3,3,16000,1
"93",3038,15,"1","34","2",2169,"INSTITUTO TECNOLÓGICO Y DE ESTUDIOS SUPERIORES DE MONTERREY",0,2,4,1,"2",10,1,12,97,0,500,2,4,"0","1",3,1,4300,0
"100",3046,14,"2","33","2",1402,"UNIVERSIDAD DEL VALLE DE ATEMAJAC",1,3,0,3,"4",9,1,10,23,2,260,1,4,"0","1",3,3,15000,1
"110",3067,9,"2","35","2",693,"INSTITUTO POLITÉCNICO NACIONAL",1,5,0,3,"4",7,1,4,34,0,44,0,5,"1","1",3,3,16000,1
"136",3100,11,"1","28","2",1066,"UNIVERSIDAD TECNOLÓGICA DE LEÓN",1,2,1,1,"4",7,1,10,33,0,30,2,4,"1","1",3,3,19000,1
"145",3110,9,"1","33","1",1635,"UNIVERSIDAD DEL VALLE DE MÉXICO",1,0,0,0,"4",12,1,12,66,0,340,0,3,"0","1",2,2,15000,1
"154",3121,9,"1","32","2",712,"UNIVERSIDAD NACIONAL AUTÓNOMA DE MÉXICO",1,0,0,0,"1",9,1,14,59,48,500,0,3,"1","1",3,3,14000,0
"173",3140,2,"1","31","1",147,"UNIVERSIDAD AUTÓNOMA DE BAJA CALIFORNIA",0,0,1,0,"4",9,1,16,32,0,219,5,6,"1","1",5,5,10500,1
"178",3145,9,"2","29","1",651,"UNIVERSIDAD TECNOLÓGICA DE MÉXICO",0,2,2,1,"4",8,1,13,28,0,66,0,3,"0","1",3,3,14000,1
"179",3146,9,"1","33","2",651,"UNIVERSIDAD TECNOLÓGICA DE MÉXICO",0,4,0,0,"4",10,1,10,52,0,208,0,7,"0","1",3,3,15000,1
"186",3153,9,"2","31","2",3400,"UNIVERSIDAD VERACRUZANA",1,1,0,0,"4",5,1,10,39,0,83,0,3,"1","1",3,3,14000,1
"188",3155,15,"1","35","2",3400,"UNIVERSIDAD VERACRUZANA",1,0,1,4,"4",9,1,10,68,0,481,3,6,"1","1",5,5,10500,1
"191",3158,24,"1","31","2",3400,"UNIVERSIDAD VERACRUZANA",1,0,3,0,"4",7,1,10,31,0,456,1,7,"1","1",5,5,12000,1
"197",3164,9,"1","30","2",3400,"UNIVERSIDAD VERACRUZANA",1,1,2,0,"4",3,1,12,81,0,445,0,7,"1","1",3,2,10500,1
"211",3178,10,"1","35","1",895,"INSTITUTO TECNOLÓGICO DE DURANGO",0,0,0,0,"4",12,1,8,43,0,166,0,7,"1","1",2,2,10500,1
"219",3186,30,"2","35","2",2309,"INSTITUTO TECNOLÓGICO DE OAXACA",1,3,2,0,"4",10,1,16,50,10,72,0,5,"1","1",3,3,14000,1
"223",3190,9,"1","33","2",2309,"INSTITUTO TECNOLÓGICO DE OAXACA",1,0,0,1,"4",9,1,9,45,10,500,0,6,"1","1",3,3,16000,1
"224",3191,9,"1","36","2",2309,"INSTITUTO TECNOLÓGICO DE OAXACA",1,2,0,0,"4",9,1,14,44,0,422,0,7,"1","1",3,3,15000,1
"227",3194,9,"1","34","1",167,"INSTITUTO TECNOLÓGICO DE LA PAZ",1,0,1,0,"4",13,1,10,42,0,500,0,7,"1","1",3,3,18000,1
"229",3196,15,"1","35","2",170,"UNIVERSIDAD AUTÓNOMA DE BAJA CALIFORNIA SUR",1,0,0,2,"4",7,1,8,56,2,48,0,2,"1","0",3,3,16000,1
"243",3212,9,"1","35","2",329,"UNIVERSIDAD VALLE DEL GRIJALVA",1,0,1,1,"4",11,1,10,58,3,394,3,7,"0","1",4,4,20000,1
"245",3214,15,"1","33","1",329,"UNIVERSIDAD VALLE DEL GRIJALVA",1,0,1,0,"4",5,1,10,49,0,174,2,4,"0","1",3,2,10500,1
"247",3216,27,"2","29","1",329,"UNIVERSIDAD VALLE DEL GRIJALVA",1,2,0,0,"3",9,1,10,48,8,58,0,4,"0","1",3,3,15000,1
"249",3218,9,"1","35","2",329,"UNIVERSIDAD VALLE DEL GRIJALVA",0,2,0,0,"4",10,1,10,42,1,500,3,4,"0","0",3,3,16000,1
"250",3219,22,"1","34","2",329,"UNIVERSIDAD VALLE DEL GRIJALVA",1,0,6,3,"4",8,1,9,40,7,500,0,7,"0","1",1,1,8000,1
"263",3232,30,"2","35","1",3103,"UNIVERSIDAD DEL GOLFO",1,4,1,0,"4",10,1,5,37,10,500,0,4,"0","1",3,3,15000,1
"270",3240,30,"2","33","2",3322,"UNIVERSIDAD DE ORIENTE, A.C.",0,0,1,0,"4",10,1,10,30,14,80,0,2,"0","1",3,3,14000,1
"276",3246,9,"1","35","2",3322,"UNIVERSIDAD DE ORIENTE, A.C.",0,0,0,0,"4",10,1,8,62,0,500,0,2,"0","1",3,3,16000,1
"296",3267,2,"1","31","1",144,"INSTITUTO TECNOLÓGICO DE TIJUANA",1,4,1,0,"2",5,1,6,83,0,69,1,6,"1","1",3,3,13000,0
"304",3275,15,"2","34","2",1757,"TECNOLÓGICO DE ESTUDIOS SUPERIORES DE ECATEPEC",0,2,5,0,"4",5,1,10,35,0,27,0,6,"1","1",3,2,13000,1
"305",3277,9,"1","35","2",1757,"TECNOLÓGICO DE ESTUDIOS SUPERIORES DE ECATEPEC",1,2,2,1,"4",9,1,14,69,29,393,0,6,"1","1",5,5,10500,1
"307",3279,9,"2","33","2",1757,"TECNOLÓGICO DE ESTUDIOS SUPERIORES DE ECATEPEC",1,3,2,0,"4",4,1,4,20,2,87,0,6,"1","1",2,2,12000,1
"309",3281,9,"1","32","2",1757,"TECNOLÓGICO DE ESTUDIOS SUPERIORES DE ECATEPEC",1,0,0,2,"4",6,1,10,41,0,54,0,7,"1","1",3,3,15000,1
"310",3282,9,"1","30","2",1757,"TECNOLÓGICO DE ESTUDIOS SUPERIORES DE ECATEPEC",0,0,1,4,"4",7,1,10,35,0,112,0,7,"1","0",4,4,10400,1
"321",3293,22,"2","31","2",1047,"INSTITUTO TECNOLÓGICO DE CELAYA",0,2,4,1,"4",5,1,14,60,0,288,1,7,"1","1",4,4,10400,1
"346",3320,13,"1","31","2",1297,"UNIVERSIDAD TECNOLÓGICA TULA-TEPEJI",1,0,1,1,"4",4,1,6,67,0,82,3,6,"1","1",3,3,16000,1
"351",3331,9,"1","32","2",693,"INSTITUTO POLITÉCNICO NACIONAL",1,0,1,0,"4",8,1,8,59,20,92,1,6,"1","1",2,2,14000,1
"357",3345,9,"2","30","1",1402,"UNIVERSIDAD DEL VALLE DE ATEMAJAC",1,2,1,0,"4",13,1,6,74,0,500,1,3,"0","1",3,3,15000,1
"362",3350,1,"1","32","2",2897,"UNIVERSIDAD AUTÓNOMA DE SINALOA",1,0,0,0,"4",8,1,10,77,5,500,1,7,"1","1",4,4,16000,1
"363",3351,1,"1","36","2",2897,"UNIVERSIDAD AUTÓNOMA DE SINALOA",0,0,0,0,"4",12,1,10,69,0,325,1,6,"1","1",4,4,7500,1
"365",3353,1,"1","32","2",2897,"UNIVERSIDAD AUTÓNOMA DE SINALOA",1,0,1,0,"4",12,1,8,75,0,500,5,6,"1","1",4,4,8300,1
"377",3365,9,"2","33","1",1631,"UNIVERSIDAD DE CUAUTITLÁN IZCALLI",1,0,1,2,"2",9,1,16,117,3,155,1,6,"0","0",2,2,18000,0
"378",3366,9,"1","32","2",1631,"UNIVERSIDAD DE CUAUTITLÁN IZCALLI",1,3,3,1,"4",8,1,15,33,6,429,1,4,"0","1",3,3,18000,1
"389",3381,9,"1","31","2",2517,"UNIVERSIDAD DEL VALLE DE PUEBLA",1,0,0,0,"4",5,1,10,22,0,80,0,4,"0","1",3,3,15000,1
"397",3398,15,"1","31","1",1389,"UNIVERSIDAD AMÉRICA LATINA",0,0,0,0,"4",9,1,12,34,18,500,1,6,"0","1",4,4,7500,1
"404",3405,15,"2","34","2",630,"UNIVERSIDAD INSURGENTES",0,0,0,0,"4",4,1,4,18,0,86,0,4,"0","1",2,2,11000,1
"414",3416,9,"2","30","1",3462,"UNIVERSIDAD LATINO",0,0,4,0,"4",10,1,10,63,0,448,1,4,"0","1",5,5,15000,1
"423",3426,9,"2","34","2",3145,"UNIVERSIDAD AUTÓNOMA DE TAMAULIPAS",1,0,0,1,"4",6,1,10,41,27,500,1,3,"1","1",3,3,15000,1
"424",3427,9,"1","35","2",2020,"UNIVERSIDAD AUTÓNOMA DEL ESTADO DE MORELOS",1,0,0,0,"4",10,1,10,20,0,111,1,6,"1","1",5,5,14000,1
"429",3432,9,"2","30","2",1187,"UNIVERSIDAD AUTÓNOMA DE GUERRERO",1,0,3,0,"4",3,1,10,40,0,191,0,10,"1","0",2,2,9000,1
"431",3434,19,"1","40","1",2194,"UNIVERSIDAD METROPOLITANA DE MONTERREY",1,0,2,1,"4",8,1,18,38,0,110,0,4,"0","1",5,5,10000,1
"435",3438,9,"2","37","1",3074,"INSTITUTO DE CIENCIAS Y ESTUDIOS SUPERIORES DE TAMAULIPAS, A.C.",1,3,2,1,"4",15,1,9,107,0,130,0,5,"0","1",3,3,18000,1
"458",3461,9,"1","31","2",630,"UNIVERSIDAD INSURGENTES",1,0,1,2,"4",13,1,8,56,0,9,1,4,"0","1",3,3,13000,1
"463",3466,9,"1","33","2",710,"UNIVERSIDAD AUTÓNOMA METROPOLITANA",0,0,5,0,"4",3,1,10,56,0,373,0,4,"1","1",5,4,11250,1
"470",3473,9,"1","30","1",1632,"UNIVERSIDAD DE ECATEPEC",1,4,0,0,"4",10,1,10,29,3,198,0,3,"0","1",3,3,18000,1
"472",3475,15,"2","31","2",1632,"UNIVERSIDAD DE ECATEPEC",1,1,0,0,"4",7,1,8,35,0,53,0,1,"0","1",3,3,13000,1
"482",3486,15,"2","34","2",628,"UNIVERSIDAD ICEL",1,1,1,2,"4",10,1,10,47,0,141,0,6,"0","1",3,3,18000,1
"485",3489,9,"2","34","2",628,"UNIVERSIDAD ICEL",1,2,5,0,"4",9,1,10,55,7,114,0,6,"0","1",3,3,15000,1
"490",3495,9,"1","30","1",628,"UNIVERSIDAD ICEL",1,0,0,0,"4",5,1,8,44,0,240,0,3,"0","1",3,3,12000,1
"503",3508,9,"2","29","2",3107,"UNIVERSIDAD DEL NORTE DE TAMAULIPAS",1,2,0,0,"4",5,1,10,61,16,173,0,7,"0","0",3,3,13000,1
"524",3529,8,"1","33","2",460,"UNIVERSIDAD AUTÓNOMA DE CHIHUAHUA",1,0,3,0,"3",10,1,0,76,0,253,0,5,"1","1",4,4,16000,1
"526",3531,9,"1","30","2",460,"UNIVERSIDAD AUTÓNOMA DE CHIHUAHUA",1,0,0,0,"4",7,1,8,40,2,336,0,6,"1","1",3,3,18000,1
"530",3535,9,"1","31","1",460,"UNIVERSIDAD AUTÓNOMA DE CHIHUAHUA",1,0,0,0,"4",4,1,10,71,0,124,0,9,"1","1",4,4,18000,1
"543",3554,9,"2","34","1",713,"UNIVERSIDAD PEDAGÓGICA NACIONAL",1,7,1,0,"4",7,1,8,63,0,459,0,3,"1","1",2,2,15000,1
"546",3557,9,"2","35","1",2897,"UNIVERSIDAD AUTÓNOMA DE SINALOA",1,3,2,0,"4",13,1,14,92,25,500,1,3,"1","1",4,4,20000,1
"549",3560,15,"2","33","2",2897,"UNIVERSIDAD AUTÓNOMA DE SINALOA",1,3,2,0,"4",9,1,16,104,105,500,0,4,"1","1",3,3,15000,1
"585",3599,9,"1","34","2",1759,"TECNOLÓGICO DE ESTUDIOS SUPERIORES DE IXTAPALUCA",1,0,1,0,"4",6,1,17,59,9,500,0,6,"1","1",3,3,18000,1
"590",3604,21,"2","34","1",2557,"BENEMÉRITA UNIVERSIDAD AUTÓNOMA DE PUEBLA",1,2,0,0,"4",10,1,14,89,0,97,1,3,"1","1",4,4,24000,1
"593",3607,9,"1","31","2",2557,"BENEMÉRITA UNIVERSIDAD AUTÓNOMA DE PUEBLA",1,0,0,3,"4",5,1,10,37,0,115,0,6,"1","1",3,3,18000,1
"614",3628,8,"2","34","2",855,"UNIVERSIDAD DE COLIMA",1,0,0,1,"4",8,1,8,18,1,265,0,7,"1","1",4,3,8500,1
"628",3645,9,"2","33","2",2325,"UNIVERSIDAD AUTÓNOMA BENITO JUÁREZ DE OAXACA",1,2,5,0,"4",8,1,16,48,10,156,0,3,"1","1",4,4,18000,1
"636",3653,9,"1","32","2",364,"UNIVERSIDAD AUTÓNOMA DE CHIAPAS",0,0,0,1,"1",9,1,6,56,0,247,0,6,"1","1",5,5,10500,0
"637",3654,9,"1","35","2",364,"UNIVERSIDAD AUTÓNOMA DE CHIAPAS",1,0,0,2,"4",12,1,8,55,0,280,0,6,"1","1",3,2,18000,1
"642",3660,9,"2","33","2",364,"UNIVERSIDAD AUTÓNOMA DE CHIAPAS",1,0,3,0,"4",10,1,8,43,0,200,0,6,"1","1",3,3,15000,1
"649",3670,14,"1","33","2",1453,"UNIVERSIDAD DE GUADALAJARA",1,1,0,0,"4",10,1,10,47,5,500,3,6,"1","1",5,4,10000,1
"657",3678,9,"2","35","2",640,"UNIVERSIDAD MARISTA",1,0,0,0,"1",10,1,10,43,0,51,0,4,"0","1",4,4,8000,0
"665",3686,9,"2","36","1",640,"UNIVERSIDAD MARISTA",1,1,2,3,"1",13,1,8,52,0,500,1,7,"0","1",4,4,10500,0
"668",3690,9,"2","31","2",640,"UNIVERSIDAD MARISTA",1,2,0,0,"4",6,1,10,56,0,500,4,2,"0","1",2,2,6800,1
"669",3691,9,"2","35","2",640,"UNIVERSIDAD MARISTA",1,0,1,2,"4",10,1,16,59,23,500,2,4,"0","1",5,5,11500,1
"678",3701,5,"2","37","1",289,"INSTITUTO LATINOAMERICANO DE ESTUDIOS SUPERIORES",1,2,1,0,"2",11,1,10,29,3,499,0,5,"0","1",4,3,10500,0
"696",3720,15,"1","34","2",3039,"UNIVERSIDAD JUÁREZ AUTÓNOMA DE TABASCO",1,0,1,0,"3",9,1,10,49,7,196,2,5,"1","1",3,2,7800,1
"709",3733,9,"2","34","1",66,"CENTRO DE ESTUDIOS UNIVERSITARIOS XOCHICALCO",1,3,2,0,"4",10,1,14,82,0,500,0,3,"0","1",4,4,10000,1
"713",3737,9,"1","32","1",3126,"UNIVERSIDAD DE NEGOCIOS Y ESTUDIOS SUPERIORES, UNES",1,0,0,0,"4",8,1,10,61,11,500,1,6,"0","1",4,4,10000,1
"723",3747,15,"1","32","2",1786,"UNIVERSIDAD POLITÉCNICA DEL VALLE DE MÉXICO",1,0,2,0,"4",7,1,10,55,0,27,0,7,"1","1",3,2,8000,1
"724",3748,15,"1","36","2",511,"COLEGIO TECNOLÓGICO DE MÉXICO",1,0,0,0,"4",10,1,12,41,7,273,0,3,"0","1",5,4,10000,1
"737",3761,22,"1","35","1",1902,"INSTITUTO TECNOLÓGICO DE MORELIA",1,2,4,0,"2",4,1,16,90,0,446,0,6,"1","0",3,3,9000,0
"738",3762,9,"1","31","2",1393,"UNIVERSIDAD AUTÓNOMA DE GUADALAJARA",1,2,2,1,"2",8,1,16,112,0,500,0,9,"0","1",4,4,10000,0
"741",3765,9,"1","36","1",1917,"UNIVERSIDAD MICHOACANA DE SAN NICOLÁS DE HIDALGO",1,0,3,0,"3",14,1,18,61,7,157,0,4,"1","1",3,2,5000,1
"743",3767,1,"2","31","2",1917,"UNIVERSIDAD MICHOACANA DE SAN NICOLÁS DE HIDALGO",0,0,2,0,"4",7,1,13,40,0,346,3,3,"1","1",4,4,10000,1
"748",3773,9,"1","22","2",651,"UNIVERSIDAD TECNOLÓGICA DE MÉXICO",1,1,0,0,"4",10,1,10,44,0,266,0,4,"0","1",4,4,8000,1
"755",3781,9,"1","31","2",3536,"UNIVERSIDAD AUTÓNOMA DE ZACATECAS",1,0,2,5,"4",3,1,10,78,5,219,1,6,"1","1",3,3,10500,1
"763",3789,9,"2","33","1",2732,"UNIVERSIDAD INTERAMERICANA PARA EL DESARROLLO",1,2,0,0,"4",13,1,12,125,0,296,1,3,"0","1",3,3,9000,1
"766",3792,14,"1","34","2",2090,"UNIVERSIDAD AUTÓNOMA DE NAYARIT",0,1,0,1,"4",6,1,10,76,0,396,5,3,"1","1",4,3,10200,1
"771",3797,15,"2","31","1",2090,"UNIVERSIDAD AUTÓNOMA DE NAYARIT",1,0,1,0,"4",7,1,10,42,6,267,0,3,"1","1",3,2,8200,1
"777",4015,15,"1","36","1",1623,"UNIVERSIDAD ANÁHUAC",1,7,4,3,"4",10,1,21,192,77,500,3,9,"0","1",3,2,8900,1
"788",4055,9,"2","31","1",1635,"UNIVERSIDAD DEL VALLE DE MÉXICO",1,6,4,2,"4",15,1,22,144,6,500,5,4,"0","1",4,4,9500,1
"794",4061,22,"2","34","2",1635,"UNIVERSIDAD DEL VALLE DE MÉXICO",1,11,6,3,"4",14,1,12,264,0,500,1,4,"0","1",4,3,8300,1
"795",4062,9,"2","31","1",1635,"UNIVERSIDAD DEL VALLE DE MÉXICO",1,10,9,3,"1",9,1,15,356,1798,500,2,3,"0","1",5,3,10000,0
"798",4065,9,"1","36","1",1635,"UNIVERSIDAD DEL VALLE DE MÉXICO",1,0,2,0,"4",11,1,3,45,7,500,0,3,"0","0",4,3,7800,1
"802",4070,9,"1","26","2",1635,"UNIVERSIDAD DEL VALLE DE MÉXICO",0,4,10,10,"4",10,1,10,165,24,338,3,4,"0","1",4,4,11000,1
"804",4072,15,"1","41","2",1635,"UNIVERSIDAD DEL VALLE DE MÉXICO",1,6,4,3,"4",13,1,38,322,0,296,7,6,"0","1",5,4,14000,1
"806",4075,9,"2","29","1",651,"UNIVERSIDAD TECNOLÓGICA DE MÉXICO",1,2,2,1,"4",8,1,15,49,0,66,0,3,"0","1",3,2,8600,1
"808",4079,9,"2","30","1",651,"UNIVERSIDAD TECNOLÓGICA DE MÉXICO",1,5,2,0,"4",5,1,16,178,46,346,0,3,"0","1",3,3,8600,1
"828",4113,9,"2","30","1",1631,"UNIVERSIDAD DE CUAUTITLÁN IZCALLI",1,4,9,4,"4",9,1,12,110,67,500,0,3,"0","1",3,4,9500,1
"834",4119,9,"1","28","1",3114,"UNIVERSIDAD MIGUEL ALEMÁN",1,4,1,0,"4",8,1,6,67,0,122,0,7,"0","1",4,2,8000,1
"835",4120,19,"1","33","1",3114,"UNIVERSIDAD MIGUEL ALEMÁN",1,5,5,1,"4",11,1,18,128,8,500,0,6,"0","1",3,2,9000,1
"836",4121,9,"1","31","1",3114,"UNIVERSIDAD MIGUEL ALEMÁN",0,0,3,2,"4",5,1,18,70,0,273,0,7,"0","1",1,1,7000,1
"840",4125,22,"1","28","2",3114,"UNIVERSIDAD MIGUEL ALEMÁN",1,2,7,2,"4",9,1,10,573,0,147,5,7,"0","1",3,2,8000,1
"841",4126,9,"1","33","2",3114,"UNIVERSIDAD MIGUEL ALEMÁN",1,6,6,2,"2",7,1,22,749,31,251,0,7,"0","0",3,2,8000,0
"849",4134,22,"1","31","2",801,"INSTITUTO TECNOLÓGICO DE LA LAGUNA",1,2,1,2,"4",6,1,18,120,93,344,0,7,"1","1",3,4,9000,1
"876",4164,22,"2","32","2",2683,"INSTITUTO TECNOLÓGICO DE QUERÉTARO",1,5,10,0,"4",9,1,14,283,6,231,2,4,"1","1",3,3,10000,1
"880",4168,15,"1","32","1",711,"UNIVERSIDAD DEL EJÉRCITO Y FUERZA AÉREA",1,5,4,3,"4",6,1,10,386,0,80,1,4,"1","1",2,1,6000,1
"891",4182,9,"1","31","2",3001,"UNIVERSIDAD DE NEGOCIOS DE TABASCO",1,2,3,3,"4",14,1,8,105,0,110,0,6,"0","1",3,2,8500,1
"894",4185,9,"2","31","1",3001,"UNIVERSIDAD DE NEGOCIOS DE TABASCO",1,9,3,2,"2",10,1,8,139,64,449,1,4,"0","1",3,3,9000,0
"896",4187,9,"1","34","1",3001,"UNIVERSIDAD DE NEGOCIOS DE TABASCO",1,7,6,3,"4",15,1,15,119,125,500,0,4,"0","1",5,2,10500,1
"897",4188,9,"2","35","1",3001,"UNIVERSIDAD DE NEGOCIOS DE TABASCO",1,9,15,2,"4",10,1,16,175,72,386,1,4,"0","1",4,3,10500,1
"903",4196,9,"1","35","1",3001,"UNIVERSIDAD DE NEGOCIOS DE TABASCO",1,8,8,4,"2",6,1,14,201,20,500,5,4,"0","1",4,3,11000,0
"909",4202,5,"1","35","2",766,"UNIVERSIDAD AUTÓNOMA DE LA LAGUNA",1,5,3,6,"3",7,1,6,108,4,393,0,4,"0","1",4,3,12000,1
"916",4213,31,"1","30","2",3485,"UNIVERSIDAD AUTÓNOMA DE YUCATÁN",1,0,6,4,"4",5,1,8,154,17,132,2,4,"1","0",4,2,10500,1
"917",4214,9,"1","36","1",3485,"UNIVERSIDAD AUTÓNOMA DE YUCATÁN",1,5,4,0,"2",6,1,10,303,7,500,1,4,"1","0",4,3,11000,0
"921",4219,9,"1","35","2",460,"UNIVERSIDAD AUTÓNOMA DE CHIHUAHUA",1,0,0,4,"4",10,1,10,254,70,500,0,6,"1","1",4,5,16000,1
"923",4221,8,"1","35","1",460,"UNIVERSIDAD AUTÓNOMA DE CHIHUAHUA",1,6,4,1,"4",7,1,10,161,2,181,1,5,"1","1",4,3,9000,1
"937",4237,8,"1","35","1",460,"UNIVERSIDAD AUTÓNOMA DE CHIHUAHUA",1,10,3,1,"4",10,1,14,134,52,500,2,4,"1","1",3,3,10000,1
"938",4239,9,"1","36","1",2020,"UNIVERSIDAD AUTÓNOMA DEL ESTADO DE MORELOS",1,3,4,0,"4",6,1,5,148,0,3,0,3,"1","0",4,3,12000,1
"939",4240,9,"1","31","2",2020,"UNIVERSIDAD AUTÓNOMA DEL ESTADO DE MORELOS",1,6,0,3,"4",6,1,10,131,1,278,1,6,"1","1",3,3,11000,1
"949",4250,9,"1","33","2",2020,"UNIVERSIDAD AUTÓNOMA DEL ESTADO DE MORELOS",1,4,4,3,"4",10,1,24,241,409,500,4,3,"1","0",4,2,10000,1
"950",4257,15,"1","34","1",147,"UNIVERSIDAD AUTÓNOMA DE BAJA CALIFORNIA",1,5,1,0,"3",11,1,10,109,95,492,1,7,"1","1",5,4,12000,1
"954",4262,9,"2","32","1",2185,"UNIVERSIDAD DE MONTERREY",1,3,2,1,"1",3,1,18,98,0,500,1,3,"0","1",2,2,6000,0
"957",4265,9,"2","33","1",2185,"UNIVERSIDAD DE MONTERREY",1,11,6,1,"4",7,1,16,253,120,500,0,10,"0","1",4,3,11000,1
"972",4287,9,"2","33","1",2732,"UNIVERSIDAD INTERAMERICANA PARA EL DESARROLLO",1,6,3,1,"4",10,1,8,197,0,204,0,3,"0","1",3,2,10500,1
"974",4289,9,"2","29","1",2732,"UNIVERSIDAD INTERAMERICANA PARA EL DESARROLLO",0,1,0,0,"4",4,1,18,89,0,500,0,2,"0","1",2,2,9500,1
"979",4294,9,"2","31","2",2732,"UNIVERSIDAD INTERAMERICANA PARA EL DESARROLLO",0,0,2,3,"1",10,1,10,59,0,237,1,4,"0","1",2,2,5000,0
"986",4302,8,"2","32","1",461,"UNIVERSIDAD AUTÓNOMA DE CIUDAD JUÁREZ",1,5,1,0,"4",7,1,10,95,0,167,0,3,"1","1",5,3,12500,1
"998",4316,9,"1","34","2",3103,"UNIVERSIDAD DEL GOLFO",1,5,0,1,"2",12,1,10,178,92,500,0,7,"0","1",3,2,11000,0
"1008",4327,9,"1","34","1",3103,"UNIVERSIDAD DEL GOLFO",1,5,7,1,"4",10,1,10,118,0,446,0,4,"0","1",4,2,11000,1
"1029",4348,20,"2","22","2",2281,"UNIVERSIDAD REGIONAL DEL SURESTE, A.C.",1,3,2,1,"4",5,1,6,88,0,307,0,2,"0","0",5,3,14000,1
"1041",4360,15,"2","36","1",1463,"CAMPUS UNIVERSITARIO SIGLO XXI, S.C.",1,4,1,0,"4",10,1,10,120,62,365,1,6,"0","1",4,3,12000,1
"1058",4379,9,"2","32","1",712,"UNIVERSIDAD NACIONAL AUTÓNOMA DE MÉXICO",1,2,0,0,"4",10,1,6,62,8,237,0,3,"1","1",4,4,12000,1
"1074",4399,21,"2","34","1",2557,"BENEMÉRITA UNIVERSIDAD AUTÓNOMA DE PUEBLA",1,3,1,1,"4",10,1,14,313,0,95,1,3,"1","1",4,3,11600,1
"1077",4402,15,"1","34","2",1649,"UNIVERSIDAD LUCERNA",1,2,2,0,"4",8,1,5,54,5,109,0,6,"0","1",3,2,11000,1
"1080",4405,21,"1","30","2",2609,"UNIVERSIDAD TECNOLÓGICA DE IZÚCAR DE MATAMOROS",0,0,3,0,"4",8,1,8,88,0,32,0,6,"1","1",4,4,9000,1
"1092",4418,9,"1","35","1",632,"UNIVERSIDAD INTERCONTINENTAL",1,3,2,2,"4",8,1,8,89,15,225,2,4,"0","1",5,5,13500,1
"1099",4425,9,"1","31","2",640,"UNIVERSIDAD MARISTA",1,0,2,1,"4",8,1,10,165,72,371,0,2,"0","1",4,4,12000,1
"1107",4434,9,"1","35","2",710,"UNIVERSIDAD AUTÓNOMA METROPOLITANA",1,8,2,12,"4",4,1,10,319,0,500,2,3,"1","0",3,3,14000,1
"1109",4436,9,"1","33","2",1623,"UNIVERSIDAD ANÁHUAC",1,3,5,1,"4",10,1,14,197,88,388,2,7,"0","1",5,5,12800,1
"1112",4443,9,"1","34","2",1759,"TECNOLÓGICO DE ESTUDIOS SUPERIORES DE IXTAPALUCA",0,0,0,1,"4",8,1,8,68,0,86,0,6,"1","0",5,5,13000,1
"1113",4446,13,"1","31","2",1759,"TECNOLÓGICO DE ESTUDIOS SUPERIORES DE IXTAPALUCA",1,0,0,0,"2",5,1,10,167,0,138,0,6,"1","0",4,3,12800,0
"1116",4451,15,"1","33","2",1759,"TECNOLÓGICO DE ESTUDIOS SUPERIORES DE IXTAPALUCA",1,0,0,1,"4",8,1,6,125,6,273,0,4,"1","1",4,4,12800,1
"1123",4459,9,"1","34","2",2950,"INSTITUTO TECNOLÓGICO SUPERIOR DE CAJEME",1,0,5,1,"4",10,1,4,178,80,202,2,6,"1","1",4,5,18000,1
"1128",4464,5,"1","33","2",808,"INSTITUTO TECNOLÓGICO SUPERIOR DE SAN PEDRO",1,2,3,0,"4",5,1,7,156,38,162,0,4,"1","1",3,2,11500,1
"1137",4474,9,"2","30","2",2422,"FUNDACIÓN UNIVERSIDAD DE LAS AMÉRICAS, PUEBLA",1,7,0,1,"4",10,1,10,199,472,500,0,3,"0","1",4,4,12700,1
"1138",4475,9,"2","32","2",2422,"FUNDACIÓN UNIVERSIDAD DE LAS AMÉRICAS, PUEBLA",1,7,11,5,"4",8,1,20,169,90,500,2,4,"0","1",2,3,8000,1
"1139",4476,9,"2","34","1",2422,"FUNDACIÓN UNIVERSIDAD DE LAS AMÉRICAS, PUEBLA",1,3,6,0,"2",10,1,11,103,36,500,2,4,"0","1",3,3,10000,0
"1142",4479,9,"2","36","1",2422,"FUNDACIÓN UNIVERSIDAD DE LAS AMÉRICAS, PUEBLA",1,5,3,2,"2",8,1,10,107,314,500,2,3,"0","1",4,4,10000,0
"1148",4485,9,"1","35","2",2958,"UNIVERSIDAD DE SONORA",1,8,7,2,"2",10,1,12,297,72,140,1,6,"1","1",5,4,10000,0
"1150",4490,9,"2","36","2",712,"UNIVERSIDAD NACIONAL AUTÓNOMA DE MÉXICO",1,2,1,1,"4",10,1,5,109,0,130,0,4,"1","1",3,2,12000,1
"1153",4493,9,"2","32","2",651,"UNIVERSIDAD TECNOLÓGICA DE MÉXICO",1,0,1,2,"4",7,1,8,216,16,58,0,2,"0","1",3,2,11000,1
"1157",4498,9,"2","35","2",3462,"UNIVERSIDAD LATINO",1,7,3,1,"4",8,1,9,99,21,155,0,3,"0","0",4,3,11600,1
"1162",2,16,"1","36","1",2169,"INSTITUTO TECNOLÓGICO Y DE ESTUDIOS SUPERIORES DE MONTERREY",0,0,2,0,"4",9,1,8,68,52,500,1,4,"0","1",3,3,6000,1
"1163",3,9,"2","33","1",2169,"INSTITUTO TECNOLÓGICO Y DE ESTUDIOS SUPERIORES DE MONTERREY",0,6,16,2,"4",9,1,4,166,64,500,3,3,"0","1",4,3,7000,1
"1169",12,9,"2","32","1",1024,"UNIVERSIDAD LA SALLE, A.C. - BAJÍO",0,10,17,4,"4",9,1,8,162,234,500,4,3,"0","1",5,3,12000,1
"1173",21,9,"1","34","1",645,"UNIVERSIDAD PANAMERICANA",1,6,10,0,"1",11,1,10,167,132,500,4,7,"0","1",5,5,20000,0
"1174",23,9,"1","34","1",2169,"INSTITUTO TECNOLÓGICO Y DE ESTUDIOS SUPERIORES DE MONTERREY",0,6,2,7,"4",10,1,5,134,201,500,1,7,"0","1",5,4,20000,1
"1177",28,9,"1","36","2",1453,"UNIVERSIDAD DE GUADALAJARA",1,4,4,1,"4",13,1,5,108,14,96,2,9,"1","1",4,3,11800,1
"1178",29,9,"1","31","1",1771,"UNIVERSIDAD AUTÓNOMA DEL ESTADO DE MÉXICO",1,0,1,1,"4",4,1,3,77,0,4,0,9,"1","1",4,4,12600,1
"1187",43,9,"2","33","2",1453,"UNIVERSIDAD DE GUADALAJARA",0,3,6,2,"4",8,1,6,91,68,500,0,1,"1","1",3,2,11000,1
"1193",50,9,"1","30","1",1024,"UNIVERSIDAD LA SALLE, A.C. - BAJÍO",0,4,3,3,"4",5,1,10,66,83,500,0,4,"0","1",2,2,11500,1
"1197",54,9,"1","35","1",2213,"UNIVERSIDAD AUTÓNOMA DE NUEVO LEÓN",1,0,9,2,"4",10,1,8,96,61,500,0,9,"1","1",4,4,12000,1
"1198",55,9,"1","34","1",712,"UNIVERSIDAD NACIONAL AUTÓNOMA DE MÉXICO",1,3,4,0,"4",14,1,11,85,27,408,2,6,"1","1",3,2,11800,1
"1199",56,9,"1","30","1",2169,"INSTITUTO TECNOLÓGICO Y DE ESTUDIOS SUPERIORES DE MONTERREY",0,8,13,5,"4",4,1,10,220,259,500,1,8,"0","0",5,5,20000,1
"1207",67,9,"1","29","2",651,"UNIVERSIDAD TECNOLÓGICA DE MÉXICO",1,3,5,0,"2",12,1,6,143,1,270,1,7,"0","0",2,2,10500,0
"1213",75,9,"1","32","2",630,"UNIVERSIDAD INSURGENTES",1,2,3,0,"2",11,1,7,270,0,233,1,3,"0","0",5,5,10500,0
"1229",94,2,"2","30","2",336,"ESCUELA DE ENFERMERÍA",1,0,0,2,"4",6,1,4,58,0,138,2,9,"1","0",3,2,10500,1
"1232",98,24,"1","31","2",2833,"UNIVERSIDAD POLITÉCNICA DE SAN LUIS POTOSÍ",0,5,4,2,"4",6,1,2,187,28,71,0,6,"1","1",3,2,12600,1
"1244",115,15,"1","31","2",147,"UNIVERSIDAD AUTÓNOMA DE BAJA CALIFORNIA",1,0,0,0,"3",7,1,3,28,0,95,2,4,"1","1",2,2,15000,1
"1249",122,9,"1","34","2",712,"UNIVERSIDAD NACIONAL AUTÓNOMA DE MÉXICO",1,0,1,1,"3",14,1,4,82,21,500,2,4,"1","1",4,4,22000,1
"1251",124,15,"2","32","2",364,"UNIVERSIDAD AUTÓNOMA DE CHIAPAS",1,2,3,1,"4",13,1,3,51,18,500,0,8,"1","1",3,3,16000,1
"1256",131,9,"2","33","2",2896,"UNIVERSIDAD AUTÓNOMA DE OCCIDENTE",1,0,5,1,"4",9,1,3,56,14,500,1,3,"1","1",2,2,15500,1
"1274",168,9,"1","30","2",712,"UNIVERSIDAD NACIONAL AUTÓNOMA DE MÉXICO",1,2,0,0,"4",7,1,7,57,0,500,0,3,"1","1",4,2,11000,1
"1278",173,15,"1","33","2",2557,"BENEMÉRITA UNIVERSIDAD AUTÓNOMA DE PUEBLA",1,0,0,1,"4",7,1,3,33,18,500,1,4,"1","1",3,3,10500,1
"1294",194,9,"2","30","2",693,"INSTITUTO POLITÉCNICO NACIONAL",1,3,2,3,"4",6,1,3,68,0,500,1,4,"1","1",4,3,9000,1
"1296",197,9,"1","31","2",1024,"UNIVERSIDAD LA SALLE, A.C. - BAJÍO",1,0,5,1,"4",9,1,7,51,22,500,1,3,"0","1",2,2,7000,1
"1300",202,15,"2","36","2",640,"UNIVERSIDAD MARISTA",1,2,5,2,"1",11,1,5,51,17,500,3,3,"0","1",3,2,8500,0
"1313",225,15,"1","34","2",2169,"INSTITUTO TECNOLÓGICO Y DE ESTUDIOS SUPERIORES DE MONTERREY",1,5,1,1,"4",10,1,7,103,7,500,4,7,"0","1",4,3,10500,1
"1314",226,9,"1","31","2",2687,"UNIVERSIDAD AUTÓNOMA DE QUERÉTARO",0,0,1,2,"4",7,1,3,104,0,459,4,3,"1","1",5,3,10500,1
"1315",227,9,"2","31","2",1635,"UNIVERSIDAD DEL VALLE DE MÉXICO",1,0,2,1,"4",11,1,6,75,15,500,3,3,"0","0",4,4,10500,1
"1318",230,15,"2","32","2",1902,"INSTITUTO TECNOLÓGICO DE MORELIA",1,3,0,1,"4",7,1,7,50,37,466,0,7,"1","1",3,3,9000,1
"1340",253,9,"2","33","2",712,"UNIVERSIDAD NACIONAL AUTÓNOMA DE MÉXICO",1,3,0,0,"4",7,1,3,29,1,104,1,5,"1","1",3,2,11000,1
"1354",267,9,"2","32","2",1402,"UNIVERSIDAD DEL VALLE DE ATEMAJAC",1,2,4,3,"4",8,1,2,56,0,20,0,10,"0","1",3,2,11000,1
"1355",270,9,"1","31","1",1008,"JUSTO SIERRA",0,3,5,0,"4",5,1,5,81,0,50,1,9,"0","1",5,4,50000,1
"1363",278,9,"2","32","1",712,"UNIVERSIDAD NACIONAL AUTÓNOMA DE MÉXICO",1,0,0,1,"3",10,1,2,39,0,10,0,8,"1","1",3,2,14000,1
"1367",282,9,"2","34","1",712,"UNIVERSIDAD NACIONAL AUTÓNOMA DE MÉXICO",1,0,0,0,"3",5,1,3,53,0,25,0,8,"1","1",3,3,16000,1
"1375",293,9,"2","29","1",659,"UNIVERSIDAD WESTHILL",0,6,8,5,"4",7,1,2,36,298,500,0,3,"0","1",5,4,15000,1
"1376",295,9,"2","32","1",1402,"UNIVERSIDAD DEL VALLE DE ATEMAJAC",1,3,3,1,"3",5,1,5,36,0,72,0,3,"0","1",3,3,16000,1
"1382",305,9,"1","33","2",2732,"UNIVERSIDAD INTERAMERICANA PARA EL DESARROLLO",1,3,3,3,"4",7,1,10,100,30,500,0,4,"0","1",2,2,10500,1
"1389",312,1,"1","35","1",2169,"INSTITUTO TECNOLÓGICO Y DE ESTUDIOS SUPERIORES DE MONTERREY",1,8,7,2,"1",10,1,3,195,63,500,2,4,"0","1",4,4,9500,0
"1394",318,9,"1","32","1",1623,"UNIVERSIDAD ANÁHUAC",1,8,9,6,"4",10,1,9,196,10,500,4,7,"0","1",5,3,9000,1
"1395",320,9,"2","31","2",712,"UNIVERSIDAD NACIONAL AUTÓNOMA DE MÉXICO",0,8,6,2,"4",5,1,7,144,122,500,3,3,"1","0",4,4,9000,1
"1397",323,9,"2","31","1",2169,"INSTITUTO TECNOLÓGICO Y DE ESTUDIOS SUPERIORES DE MONTERREY",0,15,11,7,"4",8,1,13,223,93,500,5,4,"0","1",5,5,10500,1
"1399",326,9,"2","33","1",1635,"UNIVERSIDAD DEL VALLE DE MÉXICO",1,4,3,1,"4",13,1,2,89,80,500,0,3,"0","0",3,2,11000,1
"1404",334,9,"1","31","2",3368,"INSTITUTO TECNOLÓGICO DE MINATITLÁN",1,1,8,2,"4",5,1,6,92,6,499,3,6,"1","1",2,2,6000,1
"1410",342,9,"1","31","2",460,"UNIVERSIDAD AUTÓNOMA DE CHIHUAHUA",0,1,2,2,"4",8,1,4,132,36,500,0,7,"1","1",3,3,15000,1
"1415",348,9,"1","30","1",2213,"UNIVERSIDAD AUTÓNOMA DE NUEVO LEÓN",1,4,8,2,"2",9,1,6,145,38,500,0,2,"1","1",3,2,16000,0
"1418",352,9,"2","31","1",712,"UNIVERSIDAD NACIONAL AUTÓNOMA DE MÉXICO",0,5,13,3,"4",8,1,5,216,527,500,6,3,"1","1",4,4,10500,1
"1421",356,9,"2","35","1",2169,"INSTITUTO TECNOLÓGICO Y DE ESTUDIOS SUPERIORES DE MONTERREY",0,8,11,5,"4",3,1,7,236,199,500,5,4,"0","1",4,3,9500,1
"1427",363,9,"2","35","1",712,"UNIVERSIDAD NACIONAL AUTÓNOMA DE MÉXICO",1,1,3,2,"4",15,1,11,47,21,500,0,9,"1","1",3,3,13000,1
"1430",366,9,"1","33","1",712,"UNIVERSIDAD NACIONAL AUTÓNOMA DE MÉXICO",1,6,6,4,"2",10,1,6,188,35,500,2,3,"1","1",3,3,15000,0
"1431",367,9,"1","32","1",2169,"INSTITUTO TECNOLÓGICO Y DE ESTUDIOS SUPERIORES DE MONTERREY",0,6,6,3,"2",10,1,7,122,6,500,3,3,"0","1",4,4,10500,0
"1434",370,9,"1","35","1",2948,"INSTITUTO TECNOLÓGICO DE SONORA",1,3,2,3,"2",6,1,5,135,58,500,0,2,"1","1",3,3,16000,0
"1435",371,9,"1","29","1",1453,"UNIVERSIDAD DE GUADALAJARA",0,3,6,6,"1",10,1,12,121,70,500,2,5,"1","1",4,4,11000,0
"1443",379,9,"1","32","1",1635,"UNIVERSIDAD DEL VALLE DE MÉXICO",0,10,13,9,"4",10,1,10,192,127,500,3,10,"0","1",5,5,11000,1
"1449",388,9,"2","33","2",1453,"UNIVERSIDAD DE GUADALAJARA",1,6,9,3,"4",10,1,4,218,289,500,0,4,"1","1",3,3,18000,1
"1451",390,9,"1","33","2",712,"UNIVERSIDAD NACIONAL AUTÓNOMA DE MÉXICO",1,8,13,1,"4",10,1,9,172,54,500,2,7,"1","1",4,4,20000,1
"1457",397,9,"1","34","1",712,"UNIVERSIDAD NACIONAL AUTÓNOMA DE MÉXICO",1,0,2,2,"4",9,1,1,37,0,40,0,9,"1","0",3,2,10500,1
"1460",400,1,"1","35","1",1770,"UNIVERSIDAD AUTÓNOMA CHAPINGO",1,2,5,0,"4",11,1,5,40,1,500,0,7,"1","1",3,3,15000,1
"1461",402,9,"1","35","1",2169,"INSTITUTO TECNOLÓGICO Y DE ESTUDIOS SUPERIORES DE MONTERREY",0,3,8,3,"1",8,1,8,75,52,500,0,7,"0","1",5,5,20000,0
"1466",407,9,"2","34","2",2169,"INSTITUTO TECNOLÓGICO Y DE ESTUDIOS SUPERIORES DE MONTERREY",0,1,2,1,"2",10,1,6,62,87,500,1,2,"0","0",3,3,15000,0
"1481",427,9,"2","33","1",494,"CENTRO UNIVERSITARIO EN PERIODISMO Y PUBLICIDAD",0,1,0,0,"1",10,1,0,45,0,284,0,3,"0","1",3,3,16000,0
"1484",430,9,"1","36","2",3105,"UNIVERSIDAD DEL NORESTE",0,0,0,3,"4",8,1,7,35,3,320,0,9,"0","1",3,3,15000,1
"1485",431,9,"1","33","2",3372,"INSTITUTO TECNOLÓGICO SUPERIOR DE ACAYUCAN",1,0,4,1,"4",5,1,4,23,0,136,0,7,"1","1",3,3,14000,1
"1486",432,9,"1","36","1",1635,"UNIVERSIDAD DEL VALLE DE MÉXICO",1,2,1,1,"4",10,1,5,56,7,312,0,3,"0","1",3,3,18000,1
"1491",438,9,"1","34","2",1326,"CENTRO UNIVERSITARIO DE CIENCIAS",1,0,0,1,"4",4,1,8,28,0,57,0,10,"0","1",3,3,15000,1
"1493",440,9,"2","33","1",3485,"UNIVERSIDAD AUTÓNOMA DE YUCATÁN",1,5,2,0,"4",10,1,2,39,3,68,0,5,"1","1",3,2,18000,1
"1510",459,9,"1","32","1",3480,"INSTITUTO TECNOLÓGICO SUPERIOR DE VALLADOLID",1,3,4,1,"2",8,1,2,52,0,97,0,4,"1","1",3,3,17000,0
"1517",468,9,"1","32","2",3400,"UNIVERSIDAD VERACRUZANA",1,6,3,2,"4",7,1,5,142,3,117,1,3,"1","1",4,4,16000,1
"1521",472,2,"2","32","1",142,"INSTITUTO TECNOLÓGICO DE ENSENADA",0,1,4,1,"4",8,1,9,80,34,229,1,7,"1","1",4,3,12000,1
"1522",473,2,"1","33","1",147,"UNIVERSIDAD AUTÓNOMA DE BAJA CALIFORNIA",1,3,10,1,"4",5,1,1,70,0,128,2,4,"1","1",4,3,16000,1
"1539",492,15,"1","31","1",1623,"UNIVERSIDAD ANÁHUAC",1,0,0,0,"4",6,1,8,22,0,157,0,4,"0","1",3,3,16000,1
"1556",510,16,"2","33","2",1917,"UNIVERSIDAD MICHOACANA DE SAN NICOLÁS DE HIDALGO",1,3,5,0,"4",8,1,3,88,3,44,0,4,"1","1",3,3,14000,1
"1559",514,9,"1","33","1",1453,"UNIVERSIDAD DE GUADALAJARA",0,12,16,4,"2",13,1,11,233,254,500,4,3,"1","1",5,5,10500,0
"1564",520,9,"1","31","1",2945,"INSTITUTO TECNOLÓGICO DE HERMOSILLO",0,12,10,6,"4",9,1,7,256,248,500,0,7,"1","0",3,3,15000,1
"1574",532,9,"1","31","1",2213,"UNIVERSIDAD AUTÓNOMA DE NUEVO LEÓN",1,17,10,6,"2",4,1,8,342,30,261,0,7,"1","1",3,2,15000,0
"1578",539,9,"2","35","1",712,"UNIVERSIDAD NACIONAL AUTÓNOMA DE MÉXICO",1,5,0,2,"4",10,1,7,70,70,500,0,3,"1","0",3,3,17000,1
"1579",540,9,"2","29","1",395,"ESTUDIOS SUPERIORES DE LA COMUNICACIÓN",1,3,4,0,"1",8,1,3,37,3,389,0,3,"0","1",4,4,18000,0
"1580",542,9,"1","32","1",1453,"UNIVERSIDAD DE GUADALAJARA",0,10,4,1,"4",8,1,7,90,1,193,5,5,"1","1",4,4,10000,1
"1585",550,9,"1","32","2",693,"INSTITUTO POLITÉCNICO NACIONAL",1,2,3,2,"4",8,1,5,60,7,500,0,4,"1","1",3,3,16000,1
"1589",554,9,"2","33","1",2325,"UNIVERSIDAD AUTÓNOMA BENITO JUÁREZ DE OAXACA",1,2,8,3,"4",6,1,4,129,0,77,0,9,"1","0",4,4,10000,1
"1610",579,9,"1","31","2",801,"INSTITUTO TECNOLÓGICO DE LA LAGUNA",0,2,1,2,"4",8,1,8,151,101,399,0,6,"1","1",4,4,18000,1
"1613",582,9,"2","32","2",2897,"UNIVERSIDAD AUTÓNOMA DE SINALOA",1,2,0,0,"4",4,1,5,72,2,368,0,7,"1","1",4,3,18000,1
"1615",584,9,"2","33","1",1623,"UNIVERSIDAD ANÁHUAC",0,5,2,3,"4",10,1,7,51,37,500,1,9,"0","1",4,4,15000,1
"1619",588,9,"2","30","1",1635,"UNIVERSIDAD DEL VALLE DE MÉXICO",1,2,6,2,"4",3,1,6,122,26,178,0,4,"0","1",3,3,15000,1
"1620",589,9,"1","30","2",1453,"UNIVERSIDAD DE GUADALAJARA",1,0,0,0,"4",6,1,4,32,6,425,0,9,"1","1",3,3,15000,1
"1625",596,24,"1","26","2",2833,"UNIVERSIDAD POLITÉCNICA DE SAN LUIS POTOSÍ",1,6,8,2,"4",5,1,4,64,1,193,0,7,"1","1",3,3,15000,1
"1634",606,9,"2","31","1",2169,"INSTITUTO TECNOLÓGICO Y DE ESTUDIOS SUPERIORES DE MONTERREY",0,10,5,6,"4",5,1,8,224,150,420,3,4,"0","1",4,3,18000,1
"1638",611,9,"1","30","1",514,"ESCUELA BANCARIA Y COMERCIAL, S.C.",1,6,3,0,"4",4,1,2,65,0,66,2,4,"0","1",3,3,15000,1
"1647",816,9,"2","34","1",620,"UNIVERSIDAD DEL TEPEYAC A.C.",1,3,6,2,"4",11,1,6,144,18,500,1,3,"0","1",4,4,18000,1
"1651",850,9,"2","32","1",1635,"UNIVERSIDAD DEL VALLE DE MÉXICO",1,4,9,4,"3",10,1,11,95,10,500,1,10,"0","0",4,4,25000,1
"1652",851,9,"1","35","2",2132,"ESCUELA SUPERIOR DE NEGOCIOS DE MONTERREY",1,3,6,5,"4",10,1,8,73,0,23,0,4,"0","1",4,4,20000,1
"1654",891,9,"1","32","1",2169,"INSTITUTO TECNOLÓGICO Y DE ESTUDIOS SUPERIORES DE MONTERREY",1,6,6,2,"4",5,1,8,168,14,500,0,6,"0","0",3,3,18000,1
"1677",1035,9,"2","31","1",1917,"UNIVERSIDAD MICHOACANA DE SAN NICOLÁS DE HIDALGO",1,0,0,1,"4",2,1,5,41,0,7,0,9,"1","1",3,3,13000,1
"1678",1036,2,"1","32","1",2897,"UNIVERSIDAD AUTÓNOMA DE SINALOA",1,0,1,0,"4",7,1,6,34,0,234,0,9,"1","1",4,4,30000,1
"1680",1038,9,"1","31","2",1054,"INSTITUTO TECNOLÓGICO SUPERIOR DE SALVATIERRA",1,0,3,0,"4",9,1,5,66,0,142,0,4,"1","1",3,3,16000,1
"1683",1043,9,"2","30","1",1008,"JUSTO SIERRA",1,3,4,1,"4",7,1,11,138,0,8,1,9,"0","1",4,3,16000,1
"1685",1045,9,"2","31","1",2169,"INSTITUTO TECNOLÓGICO Y DE ESTUDIOS SUPERIORES DE MONTERREY",1,6,9,2,"2",7,1,8,58,0,77,2,4,"0","1",4,4,18000,0
"1687",1047,9,"1","33","1",2890,"INSTITUTO TECNOLÓGICO DE CULIACÁN",1,1,3,1,"2",8,1,6,58,1,115,0,7,"1","1",4,4,40000,0
"1694",1056,9,"2","29","1",1026,"UNIVERSIDAD LATINA DE MÉXICO",1,10,10,3,"4",6,1,7,109,14,478,0,3,"0","1",3,3,16000,1
"1697",1059,9,"2","33","1",3039,"UNIVERSIDAD JUÁREZ AUTÓNOMA DE TABASCO",1,0,3,0,"2",6,1,8,49,0,37,0,1,"1","1",3,3,18000,0
"1698",1060,9,"1","31","2",1453,"UNIVERSIDAD DE GUADALAJARA",1,6,5,1,"4",10,1,4,108,0,82,0,4,"1","1",3,3,16000,1
"1703",1066,9,"2","31","2",2213,"UNIVERSIDAD AUTÓNOMA DE NUEVO LEÓN",0,7,7,0,"4",4,1,10,58,34,374,0,3,"1","1",2,2,13000,1
"1731",1115,9,"1","30","1",336,"ESCUELA DE ENFERMERÍA",1,3,4,1,"4",5,1,7,55,0,92,0,9,"1","1",2,2,12000,1
"1732",1116,9,"1","31","1",1171,"ESCUELA NORMAL",1,2,3,5,"4",10,1,10,72,0,8,0,1,"1","1",2,2,11500,1
"1739",1125,9,"1","31","2",2213,"UNIVERSIDAD AUTÓNOMA DE NUEVO LEÓN",0,0,1,4,"4",11,1,6,178,28,500,1,4,"1","1",4,3,20000,1
"1761",1153,9,"1","31","2",712,"UNIVERSIDAD NACIONAL AUTÓNOMA DE MÉXICO",0,0,0,0,"4",7,1,3,32,0,151,0,5,"1","1",2,1,10500,1
"1764",1159,9,"1","35","1",693,"INSTITUTO POLITÉCNICO NACIONAL",1,4,5,3,"2",7,1,7,134,18,500,1,5,"1","1",3,2,11500,0
"1774",1173,9,"2","30","1",1453,"UNIVERSIDAD DE GUADALAJARA",1,7,15,7,"4",5,1,5,159,163,500,0,3,"1","1",2,1,10500,1
"1795",1198,9,"2","29","1",651,"UNIVERSIDAD TECNOLÓGICA DE MÉXICO",1,10,13,6,"4",7,1,6,181,261,500,2,3,"0","1",2,1,10500,1
"1797",1200,2,"2","31","1",661,"UNIVERSIDAD HUMANITAS S.C.",0,12,9,1,"4",10,1,7,79,25,500,1,3,"0","1",4,4,40000,1
"1811",1218,9,"2","34","2",712,"UNIVERSIDAD NACIONAL AUTÓNOMA DE MÉXICO",1,0,2,1,"2",2,1,5,62,0,174,0,8,"1","1",2,2,11000,0
"1830",1239,9,"1","31","1",1453,"UNIVERSIDAD DE GUADALAJARA",1,0,4,0,"4",5,1,3,37,0,76,0,3,"1","0",2,2,11000,1
"1831",1241,9,"1","29","2",615,"UNIVERSIDAD DE LONDRES",1,0,7,1,"4",8,1,5,48,0,138,0,4,"0","1",2,2,11000,1
"1833",1243,9,"2","30","1",712,"UNIVERSIDAD NACIONAL AUTÓNOMA DE MÉXICO",1,1,2,0,"4",9,1,3,62,2,30,1,4,"1","1",2,2,10500,1
"1852",1267,9,"2","30","2",855,"UNIVERSIDAD DE COLIMA",1,3,3,3,"4",8,1,4,51,3,48,0,2,"1","1",3,2,10500,1
"1857",1273,9,"2","33","2",712,"UNIVERSIDAD NACIONAL AUTÓNOMA DE MÉXICO",1,3,5,0,"3",4,1,5,56,1,282,0,3,"1","0",3,2,11000,1
"1874",1297,9,"2","35","2",766,"UNIVERSIDAD AUTÓNOMA DE LA LAGUNA",1,2,2,1,"1",2,1,7,42,5,500,0,3,"0","0",2,1,10500,0
"1913",1346,9,"1","31","2",1996,"UNIVERSIDAD INTERNACIONAL",1,2,4,2,"4",2,1,4,25,1,85,0,4,"0","0",2,2,11000,1
"1915",1348,9,"2","31","2",578,"INSTITUTO MARILLAC, A.C.",1,2,3,0,"4",5,1,3,73,0,33,0,9,"0","1",3,2,11500,1
"1920",1353,9,"2","33","1",627,"UNIVERSIDAD IBEROAMERICANA - CIUDAD DE MÉXICO",1,7,11,1,"4",13,1,8,205,183,500,3,3,"0","1",4,4,20000,1
"1925",1359,9,"2","32","1",712,"UNIVERSIDAD NACIONAL AUTÓNOMA DE MÉXICO",1,6,3,0,"4",6,1,9,109,48,500,0,5,"1","1",2,1,11000,1
"1930",1366,9,"1","36","2",712,"UNIVERSIDAD NACIONAL AUTÓNOMA DE MÉXICO",1,0,0,1,"4",7,1,5,60,5,347,0,7,"1","1",2,2,10500,1
"1940",1377,9,"1","36","1",627,"UNIVERSIDAD IBEROAMERICANA - CIUDAD DE MÉXICO",1,8,6,5,"4",7,1,18,151,55,500,2,4,"0","1",4,3,15000,1
"1946",1385,9,"2","31","1",627,"UNIVERSIDAD IBEROAMERICANA - CIUDAD DE MÉXICO",1,10,10,7,"4",7,1,9,175,108,500,0,4,"0","1",2,2,11000,1
"1947",1386,9,"1","30","2",2517,"UNIVERSIDAD DEL VALLE DE PUEBLA",1,0,2,2,"4",5,1,2,61,0,149,1,7,"0","1",3,2,12000,1
"1949",1388,9,"1","31","1",710,"UNIVERSIDAD AUTÓNOMA METROPOLITANA",1,6,6,3,"4",10,1,12,151,12,213,1,2,"1","1",4,4,25000,1
"1954",1393,9,"2","32","2",3273,"INSTITUTO CULINARIO DE VERACRUZ",1,1,9,3,"1",13,1,7,147,9,500,3,10,"0","1",4,4,30000,0
"1956",1397,9,"1","30","1",2169,"INSTITUTO TECNOLÓGICO Y DE ESTUDIOS SUPERIORES DE MONTERREY",0,6,3,5,"4",6,1,9,219,43,500,2,2,"0","1",4,4,25000,1
"1965",1408,9,"1","33","1",2135,"INSTITUTO CULINARIO DE MÉXICO",1,7,9,8,"4",11,1,8,70,8,277,0,4,"0","1",3,2,10500,1
"1966",1409,9,"1","31","2",1928,"INSTITUTO TECNOLÓGICO DE ZITÁCUARO",1,0,0,0,"4",8,1,4,38,0,205,0,7,"1","1",3,3,20000,1
"1967",1410,9,"2","31","1",2169,"INSTITUTO TECNOLÓGICO Y DE ESTUDIOS SUPERIORES DE MONTERREY",1,9,11,4,"4",4,1,7,129,57,500,0,7,"0","1",2,1,10500,1
"1971",1415,9,"2","31","1",712,"UNIVERSIDAD NACIONAL AUTÓNOMA DE MÉXICO",1,7,0,1,"4",7,1,6,65,4,500,2,1,"1","1",2,2,10500,1
"1972",1416,9,"1","31","1",1527,"CENTRO UNIVERSITARIO Y CULTURAL MORELOS",1,2,0,4,"4",3,1,7,251,0,500,6,2,"0","1",4,4,25000,1
"1974",1418,9,"2","32","1",2185,"UNIVERSIDAD DE MONTERREY",0,2,2,1,"1",14,1,4,97,24,332,0,2,"0","1",3,3,25000,0
"1977",1421,9,"1","31","1",268,"INSTITUTO DE ESTUDIOS SUPERIORES DE CHIAPAS",0,0,1,1,"4",9,1,8,137,139,500,0,2,"0","1",4,4,25000,1
"1981",1425,9,"1","36","2",1771,"UNIVERSIDAD AUTÓNOMA DEL ESTADO DE MÉXICO",1,0,4,3,"4",10,1,7,117,35,500,1,3,"1","1",2,2,10800,1
"1994",1440,9,"1","30","1",1453,"UNIVERSIDAD DE GUADALAJARA",1,3,4,3,"4",5,1,5,59,18,500,0,7,"1","1",2,1,10500,1
"1995",1442,9,"2","30","1",851,"UNIVERSIDAD DE LAS AMÉRICAS Y EL CARIBE",0,0,11,2,"3",5,1,5,171,191,500,2,3,"0","1",3,3,15000,1
"2002",1450,9,"2","30","1",712,"UNIVERSIDAD NACIONAL AUTÓNOMA DE MÉXICO",1,3,5,2,"4",5,1,10,53,0,500,0,7,"1","1",2,1,11000,1
"2011",1462,9,"1","32","2",1904,"INSTITUTO TECNOLÓGICO LÁZARO CÁRDENAS",1,4,2,2,"4",4,1,6,103,0,86,0,7,"1","1",2,2,11000,1
"2013",1464,9,"2","31","2",1008,"JUSTO SIERRA",1,1,2,1,"4",7,1,1,290,16,70,1,3,"0","0",2,2,11500,1
"2022",1475,9,"1","32","2",712,"UNIVERSIDAD NACIONAL AUTÓNOMA DE MÉXICO",1,5,5,2,"4",8,1,7,99,3,47,11,7,"1","1",3,3,18000,1
"2039",1492,9,"2","29","2",2732,"UNIVERSIDAD INTERAMERICANA PARA EL DESARROLLO",1,13,6,4,"4",6,1,10,106,7,360,3,3,"0","1",3,3,16000,1
"2049",1503,9,"2","32","2",1774,"UNIVERSIDAD ESTATAL DEL VALLE DE ECATEPEC",1,0,0,0,"4",7,1,5,63,11,176,0,3,"1","1",2,2,15000,1
"2098",5050,16,"1","36","2",1917,"UNIVERSIDAD MICHOACANA DE SAN NICOLÁS DE HIDALGO",0,0,5,1,"4",10,1,1,67,0,322,7,6,"1","1",4,3,25000,1
"2110",5066,16,"2","35","1",1917,"UNIVERSIDAD MICHOACANA DE SAN NICOLÁS DE HIDALGO",1,1,5,0,"4",7,1,1,28,0,500,1,9,"1","0",3,3,25000,1
"2117",5077,9,"1","32","2",1917,"UNIVERSIDAD MICHOACANA DE SAN NICOLÁS DE HIDALGO",1,14,4,1,"4",10,1,1,89,0,415,3,4,"1","1",4,4,25000,1
"2125",5085,9,"1","35","1",1917,"UNIVERSIDAD MICHOACANA DE SAN NICOLÁS DE HIDALGO",0,5,2,2,"4",10,1,1,57,0,500,0,7,"1","1",3,3,15000,1
"2131",5093,9,"2","30","1",1917,"UNIVERSIDAD MICHOACANA DE SAN NICOLÁS DE HIDALGO",1,8,1,0,"4",6,1,1,62,0,500,9,3,"1","1",3,3,18000,1
"2151",5116,9,"2","30","1",1917,"UNIVERSIDAD MICHOACANA DE SAN NICOLÁS DE HIDALGO",1,0,1,5,"4",3,1,1,66,0,196,0,4,"1","1",4,4,20000,1
"2152",5117,9,"1","30","1",1917,"UNIVERSIDAD MICHOACANA DE SAN NICOLÁS DE HIDALGO",0,2,3,1,"4",8,1,1,49,0,500,3,7,"1","1",3,2,15000,1
"2175",5150,16,"2","33","2",1917,"UNIVERSIDAD MICHOACANA DE SAN NICOLÁS DE HIDALGO",0,4,3,1,"4",3,1,1,48,0,500,0,6,"1","1",3,3,15000,1
"2202",5194,16,"1","30","1",1917,"UNIVERSIDAD MICHOACANA DE SAN NICOLÁS DE HIDALGO",0,1,0,3,"4",10,1,1,28,0,100,0,2,"1","1",3,3,13000,1
"2203",5196,16,"2","27","1",1917,"UNIVERSIDAD MICHOACANA DE SAN NICOLÁS DE HIDALGO",1,3,2,1,"4",9,1,1,45,0,500,0,4,"1","1",3,3,15000,1
"2218",5218,16,"1","34","1",1917,"UNIVERSIDAD MICHOACANA DE SAN NICOLÁS DE HIDALGO",1,0,1,0,"4",6,1,1,36,0,500,0,3,"1","1",3,3,15000,1
"2219",5221,16,"1","35","2",1917,"UNIVERSIDAD MICHOACANA DE SAN NICOLÁS DE HIDALGO",1,0,0,0,"4",10,1,1,17,0,42,0,5,"1","1",2,2,13000,1
"2221",5223,9,"2","31","1",1917,"UNIVERSIDAD MICHOACANA DE SAN NICOLÁS DE HIDALGO",1,2,2,0,"4",8,1,1,82,0,213,0,7,"1","1",4,4,23000,1
"2229",5232,16,"1","32","1",1917,"UNIVERSIDAD MICHOACANA DE SAN NICOLÁS DE HIDALGO",1,0,0,0,"4",5,1,1,26,0,54,0,9,"1","1",3,3,15000,1
"2230",5234,16,"2","34","1",1917,"UNIVERSIDAD MICHOACANA DE SAN NICOLÁS DE HIDALGO",0,0,0,1,"4",10,1,1,17,0,145,0,3,"1","0",3,2,15000,1
"2233",5237,9,"1","34","2",1917,"UNIVERSIDAD MICHOACANA DE SAN NICOLÁS DE HIDALGO",1,0,0,0,"4",5,1,1,24,0,42,0,4,"1","1",3,3,14000,1
"2235",5241,9,"2","35","1",1917,"UNIVERSIDAD MICHOACANA DE SAN NICOLÁS DE HIDALGO",0,0,0,0,"4",8,1,1,61,0,500,0,9,"1","1",3,3,15000,1
"2249",5265,9,"1","33","1",1917,"UNIVERSIDAD MICHOACANA DE SAN NICOLÁS DE HIDALGO",1,3,1,0,"4",8,1,2,40,0,289,0,7,"1","1",3,3,16000,1
"2252",5269,9,"2","31","2",1917,"UNIVERSIDAD MICHOACANA DE SAN NICOLÁS DE HIDALGO",0,3,1,0,"4",4,1,1,63,0,25,3,3,"1","1",3,3,16000,1
"2255",5273,16,"1","36","1",1917,"UNIVERSIDAD MICHOACANA DE SAN NICOLÁS DE HIDALGO",1,0,0,0,"4",10,1,1,67,0,500,0,3,"1","1",3,2,15000,1
"2258",5277,16,"2","35","2",1917,"UNIVERSIDAD MICHOACANA DE SAN NICOLÁS DE HIDALGO",0,4,0,0,"4",8,1,2,22,0,500,0,4,"1","1",3,3,15000,1
"2261",5283,16,"1","33","2",1917,"UNIVERSIDAD MICHOACANA DE SAN NICOLÁS DE HIDALGO",1,0,0,1,"4",4,1,1,31,0,85,0,6,"1","1",3,3,15000,1
"2268",5296,9,"2","35","2",1917,"UNIVERSIDAD MICHOACANA DE SAN NICOLÁS DE HIDALGO",1,3,1,0,"4",14,1,1,90,0,171,1,7,"1","1",3,3,15000,1
"2280",5314,9,"2","33","2",1917,"UNIVERSIDAD MICHOACANA DE SAN NICOLÁS DE HIDALGO",1,0,0,0,"4",9,1,1,15,0,500,1,3,"1","0",3,3,16000,1
"2281",5315,9,"1","33","1",1917,"UNIVERSIDAD MICHOACANA DE SAN NICOLÁS DE HIDALGO",1,0,0,0,"4",3,1,1,19,0,500,0,4,"1","1",2,2,14000,1
"2285",5320,9,"1","31","1",1917,"UNIVERSIDAD MICHOACANA DE SAN NICOLÁS DE HIDALGO",0,1,3,1,"2",8,1,1,87,0,309,0,7,"1","1",3,3,18000,0
"2290",5326,9,"1","31","2",2213,"UNIVERSIDAD AUTÓNOMA DE NUEVO LEÓN",0,0,0,0,"4",10,1,1,14,0,90,0,4,"1","1",3,3,18000,1
"2292",5328,9,"2","32","2",2213,"UNIVERSIDAD AUTÓNOMA DE NUEVO LEÓN",0,1,0,0,"4",9,1,1,26,0,500,0,6,"1","1",3,3,20000,1
"2293",5330,9,"1","29","2",2213,"UNIVERSIDAD AUTÓNOMA DE NUEVO LEÓN",1,0,4,4,"4",6,1,1,55,0,162,0,4,"1","1",3,3,15000,1
"2298",5335,9,"1","32","2",2213,"UNIVERSIDAD AUTÓNOMA DE NUEVO LEÓN",1,1,1,0,"4",10,1,1,38,0,281,0,6,"1","1",3,3,16000,1
"2307",5344,9,"1","32","2",2213,"UNIVERSIDAD AUTÓNOMA DE NUEVO LEÓN",0,1,1,0,"4",9,1,1,36,0,353,2,2,"1","1",3,2,18000,1
"2310",5347,9,"2","35","2",2213,"UNIVERSIDAD AUTÓNOMA DE NUEVO LEÓN",1,3,3,1,"4",10,1,1,41,0,278,2,4,"1","1",4,4,19000,1
"2311",5348,9,"2","36","2",2213,"UNIVERSIDAD AUTÓNOMA DE NUEVO LEÓN",1,0,4,0,"3",6,1,1,33,0,500,1,2,"1","1",3,3,17000,1
"2315",5353,9,"2","33","1",2213,"UNIVERSIDAD AUTÓNOMA DE NUEVO LEÓN",1,0,2,4,"4",5,1,1,38,0,500,1,4,"1","1",3,3,15000,1
"2316",5354,9,"2","32","2",2213,"UNIVERSIDAD AUTÓNOMA DE NUEVO LEÓN",1,1,0,0,"4",11,1,1,30,0,318,1,2,"1","0",3,3,13000,1
"2317",5355,9,"1","31","1",2213,"UNIVERSIDAD AUTÓNOMA DE NUEVO LEÓN",1,1,4,2,"1",9,1,1,66,0,500,0,7,"1","0",3,2,16000,0
"2320",5358,9,"2","28","1",2213,"UNIVERSIDAD AUTÓNOMA DE NUEVO LEÓN",0,0,0,0,"4",6,1,1,21,0,224,3,4,"1","1",2,2,13000,1
"2322",5361,9,"1","34","2",2213,"UNIVERSIDAD AUTÓNOMA DE NUEVO LEÓN",1,3,1,1,"4",10,1,1,42,0,467,0,4,"1","1",3,3,18000,1
"2323",5363,9,"2","30","1",2213,"UNIVERSIDAD AUTÓNOMA DE NUEVO LEÓN",1,0,3,0,"2",5,1,1,88,0,285,0,7,"1","1",3,3,19000,0
"2328",5368,9,"1","31","2",2213,"UNIVERSIDAD AUTÓNOMA DE NUEVO LEÓN",1,1,0,3,"4",11,1,1,34,0,291,0,2,"1","0",3,3,13000,1
"2329",5369,9,"1","35","2",2213,"UNIVERSIDAD AUTÓNOMA DE NUEVO LEÓN",0,0,2,3,"4",12,1,1,42,0,500,1,7,"1","1",3,3,18000,1
"2335",5375,9,"2","31","2",2213,"UNIVERSIDAD AUTÓNOMA DE NUEVO LEÓN",0,1,2,0,"4",10,1,1,30,0,225,2,4,"1","0",3,3,15000,1
"2337",5377,9,"1","34","1",2213,"UNIVERSIDAD AUTÓNOMA DE NUEVO LEÓN",1,0,4,0,"4",10,1,1,27,0,190,1,3,"1","1",3,3,15000,1
"2342",5385,9,"2","33","2",2213,"UNIVERSIDAD AUTÓNOMA DE NUEVO LEÓN",0,0,0,0,"4",10,1,2,37,0,141,0,4,"1","1",3,3,30000,1
"2352",5402,9,"2","33","2",2213,"UNIVERSIDAD AUTÓNOMA DE NUEVO LEÓN",0,1,0,2,"4",12,1,1,46,0,110,0,2,"1","1",4,3,25000,1
"2357",5411,9,"2","31","2",2213,"UNIVERSIDAD AUTÓNOMA DE NUEVO LEÓN",1,0,0,0,"4",7,1,1,11,0,500,0,3,"1","1",2,2,15000,1
"2358",5413,9,"1","36","2",2213,"UNIVERSIDAD AUTÓNOMA DE NUEVO LEÓN",0,4,4,2,"2",11,1,1,97,0,500,1,4,"1","1",4,3,20000,0
"2359",5417,9,"1","34","2",2213,"UNIVERSIDAD AUTÓNOMA DE NUEVO LEÓN",1,0,2,2,"4",10,1,1,20,0,500,2,3,"1","1",3,3,20000,1
"2360",5420,9,"2","30","2",2213,"UNIVERSIDAD AUTÓNOMA DE NUEVO LEÓN",0,1,3,0,"2",10,1,1,64,0,200,0,4,"1","1",3,3,18000,0
"2362",5422,9,"2","31","2",2213,"UNIVERSIDAD AUTÓNOMA DE NUEVO LEÓN",1,0,0,1,"4",6,1,1,23,0,53,2,4,"1","1",4,4,21000,1
"2363",5423,9,"1","35","2",2213,"UNIVERSIDAD AUTÓNOMA DE NUEVO LEÓN",0,1,1,2,"4",10,1,1,22,0,147,0,3,"1","1",2,2,17000,1
"2376",5438,9,"1","32","1",2213,"UNIVERSIDAD AUTÓNOMA DE NUEVO LEÓN",0,1,0,1,"4",6,1,1,86,0,443,3,6,"1","1",5,4,13000,1
"2379",5441,9,"2","31","1",2213,"UNIVERSIDAD AUTÓNOMA DE NUEVO LEÓN",0,6,0,0,"4",6,1,1,37,0,500,0,7,"1","1",5,5,13500,1
"2380",5442,9,"1","32","2",2213,"UNIVERSIDAD AUTÓNOMA DE NUEVO LEÓN",1,0,2,0,"4",8,1,1,27,0,500,0,3,"1","1",4,4,12000,1
"2382",5445,9,"2","35","2",2213,"UNIVERSIDAD AUTÓNOMA DE NUEVO LEÓN",0,1,1,0,"4",9,1,1,37,0,236,0,3,"1","0",2,2,10500,1
"2384",5447,9,"2","34","2",2213,"UNIVERSIDAD AUTÓNOMA DE NUEVO LEÓN",1,5,2,1,"4",5,1,1,70,0,130,2,6,"1","1",4,3,22000,1
"2389",5452,9,"1","34","1",2213,"UNIVERSIDAD AUTÓNOMA DE NUEVO LEÓN",1,4,1,0,"4",8,1,1,38,0,296,0,6,"1","1",5,5,13500,1
"2394",5458,9,"2","31","2",2213,"UNIVERSIDAD AUTÓNOMA DE NUEVO LEÓN",1,2,1,0,"4",6,1,2,28,0,233,0,3,"1","1",5,5,11000,1
"2401",5466,9,"2","34","2",2213,"UNIVERSIDAD AUTÓNOMA DE NUEVO LEÓN",1,2,2,1,"4",5,1,2,32,0,163,0,4,"1","1",3,3,14000,1
"2404",5469,9,"2","34","2",2213,"UNIVERSIDAD AUTÓNOMA DE NUEVO LEÓN",1,3,2,1,"4",12,1,1,43,0,57,3,3,"1","1",5,4,11000,1
"2406",5471,9,"2","31","1",2213,"UNIVERSIDAD AUTÓNOMA DE NUEVO LEÓN",1,0,0,0,"4",8,1,1,52,0,76,2,7,"1","1",4,4,20000,1
"2413",5479,9,"2","39","2",2213,"UNIVERSIDAD AUTÓNOMA DE NUEVO LEÓN",1,0,1,0,"4",15,1,1,27,0,68,0,4,"1","0",5,5,16000,1
"2420",5486,9,"1","31","2",2213,"UNIVERSIDAD AUTÓNOMA DE NUEVO LEÓN",0,0,0,0,"4",10,1,1,54,0,221,2,2,"1","1",4,3,30000,1
"2424",5495,9,"2","36","2",2213,"UNIVERSIDAD AUTÓNOMA DE NUEVO LEÓN",1,0,0,1,"4",10,1,1,23,0,119,0,2,"1","1",5,4,11000,1
"2425",5496,9,"1","33","2",2213,"UNIVERSIDAD AUTÓNOMA DE NUEVO LEÓN",1,7,1,1,"4",10,1,1,39,0,500,0,4,"1","1",5,5,13500,1
"2426",5497,9,"1","32","2",2213,"UNIVERSIDAD AUTÓNOMA DE NUEVO LEÓN",0,0,4,0,"1",4,1,1,100,0,113,0,4,"1","0",4,4,10000,0
"2427",5498,9,"1","33","1",2213,"UNIVERSIDAD AUTÓNOMA DE NUEVO LEÓN",1,2,2,0,"4",10,1,2,77,0,145,0,4,"1","1",5,5,15000,1
"2437",5511,9,"1","31","2",2213,"UNIVERSIDAD AUTÓNOMA DE NUEVO LEÓN",0,3,0,1,"4",4,1,1,27,0,500,1,3,"1","1",3,2,18000,1
"2439",5516,9,"2","31","1",2213,"UNIVERSIDAD AUTÓNOMA DE NUEVO LEÓN",1,0,0,1,"3",4,1,1,15,0,56,1,4,"1","1",4,4,11000,1
"2445",5522,9,"2","31","2",2213,"UNIVERSIDAD AUTÓNOMA DE NUEVO LEÓN",0,1,1,5,"4",9,1,1,35,0,500,1,4,"1","1",3,3,17000,1
"2449",5527,9,"2","27","1",2213,"UNIVERSIDAD AUTÓNOMA DE NUEVO LEÓN",0,0,2,5,"4",5,1,2,17,0,500,2,3,"1","1",3,3,17000,1
"2450",5528,9,"1","29","1",2213,"UNIVERSIDAD AUTÓNOMA DE NUEVO LEÓN",1,3,0,1,"4",5,1,1,49,0,241,2,7,"1","1",3,3,16000,1
"2451",5529,9,"1","36","1",2213,"UNIVERSIDAD AUTÓNOMA DE NUEVO LEÓN",0,2,2,0,"2",12,1,1,63,0,334,2,5,"1","1",3,2,17000,0
"2459",5537,9,"2","34","2",2213,"UNIVERSIDAD AUTÓNOMA DE NUEVO LEÓN",0,0,1,0,"4",9,1,1,32,0,185,2,3,"1","1",4,3,20000,1
"2465",5545,9,"1","33","2",2213,"UNIVERSIDAD AUTÓNOMA DE NUEVO LEÓN",0,3,5,2,"4",3,1,1,62,0,149,5,10,"1","1",4,3,14000,1
"2469",5550,9,"1","32","1",2213,"UNIVERSIDAD AUTÓNOMA DE NUEVO LEÓN",0,0,0,0,"4",10,1,1,27,0,201,1,11,"1","1",4,4,35000,1
"2471",5552,9,"1","35","2",2213,"UNIVERSIDAD AUTÓNOMA DE NUEVO LEÓN",1,5,0,4,"4",3,1,1,23,0,238,0,4,"1","1",2,2,13000,1
"2472",5553,9,"1","31","1",2213,"UNIVERSIDAD AUTÓNOMA DE NUEVO LEÓN",0,0,0,2,"4",5,1,1,54,0,500,1,3,"1","1",5,5,12500,1
"2479",5564,9,"1","30","1",2213,"UNIVERSIDAD AUTÓNOMA DE NUEVO LEÓN",1,0,1,1,"2",10,1,1,52,0,500,0,2,"1","1",5,5,14000,0
"2484",5572,9,"2","32","1",2213,"UNIVERSIDAD AUTÓNOMA DE NUEVO LEÓN",0,0,3,2,"4",10,1,1,36,0,500,1,7,"1","1",3,3,20000,1
"2494",5585,9,"2","36","2",2213,"UNIVERSIDAD AUTÓNOMA DE NUEVO LEÓN",1,0,0,1,"4",10,1,1,71,0,301,0,4,"1","1",5,5,15000,1
"2497",5588,9,"1","30","1",2213,"UNIVERSIDAD AUTÓNOMA DE NUEVO LEÓN",0,2,4,1,"4",7,1,1,43,0,500,1,6,"1","1",4,4,25000,1
"2498",5589,9,"2","29","1",2213,"UNIVERSIDAD AUTÓNOMA DE NUEVO LEÓN",0,4,7,2,"4",7,1,1,101,0,500,2,7,"1","1",3,3,22000,1
"2505",5597,9,"1","30","2",2213,"UNIVERSIDAD AUTÓNOMA DE NUEVO LEÓN",0,2,0,0,"4",4,1,1,25,0,132,0,4,"1","1",4,4,9500,1
"2506",5598,9,"1","32","1",2213,"UNIVERSIDAD AUTÓNOMA DE NUEVO LEÓN",0,4,0,0,"4",7,1,2,92,0,323,0,7,"1","1",5,5,16000,1
"2518",5617,9,"1","31","2",1453,"UNIVERSIDAD DE GUADALAJARA",1,2,9,2,"4",8,1,1,74,0,373,6,4,"1","1",3,2,15000,1
"2523",5623,9,"1","34","2",1453,"UNIVERSIDAD DE GUADALAJARA",0,0,3,4,"2",4,1,1,32,0,500,0,4,"1","1",3,3,18000,0
"2524",5625,9,"2","30","2",1453,"UNIVERSIDAD DE GUADALAJARA",0,4,0,0,"4",5,1,1,28,0,321,1,4,"1","0",3,3,20000,1
"2526",5628,9,"1","28","2",1453,"UNIVERSIDAD DE GUADALAJARA",0,7,4,0,"2",8,1,1,73,0,31,1,4,"1","1",5,5,13500,0
"2537",5641,9,"1","35","2",1453,"UNIVERSIDAD DE GUADALAJARA",0,2,0,0,"4",5,1,1,117,0,500,6,3,"1","1",4,4,20000,1
"2540",5645,9,"2","27","1",1453,"UNIVERSIDAD DE GUADALAJARA",1,0,3,1,"4",15,1,1,21,0,293,0,4,"1","1",5,5,12500,1
"2553",5659,9,"1","33","1",1453,"UNIVERSIDAD DE GUADALAJARA",1,0,0,0,"4",12,1,2,39,0,500,1,4,"1","1",5,5,13600,1
"2555",5661,9,"1","33","2",1453,"UNIVERSIDAD DE GUADALAJARA",0,4,0,0,"4",12,1,1,39,0,157,0,6,"1","1",3,3,20000,1
"2560",5666,9,"2","30","1",1453,"UNIVERSIDAD DE GUADALAJARA",0,3,6,1,"4",7,1,1,51,0,73,10,4,"1","1",3,3,18000,1
"2566",5673,9,"2","32","1",1453,"UNIVERSIDAD DE GUADALAJARA",1,5,0,2,"3",9,1,1,77,0,260,0,3,"1","0",3,3,15000,1
"2569",5677,9,"1","30","1",1453,"UNIVERSIDAD DE GUADALAJARA",1,0,1,0,"2",6,1,1,47,0,500,1,4,"1","1",3,3,15000,0
"2572",5681,9,"1","34","2",1453,"UNIVERSIDAD DE GUADALAJARA",0,0,2,1,"2",11,1,1,33,0,234,1,3,"1","1",4,4,25000,0
"2573",5682,9,"1","33","2",1453,"UNIVERSIDAD DE GUADALAJARA",0,0,1,0,"4",6,1,1,36,0,443,0,6,"1","1",4,4,20000,1
"2580",5689,9,"1","34","2",1453,"UNIVERSIDAD DE GUADALAJARA",0,1,1,0,"4",7,1,2,140,0,224,3,6,"1","1",4,4,24000,1
"2583",5693,9,"1","36","2",1453,"UNIVERSIDAD DE GUADALAJARA",0,2,2,0,"4",12,1,1,80,0,350,4,7,"1","1",4,4,30000,1
"2584",5694,9,"2","31","2",1453,"UNIVERSIDAD DE GUADALAJARA",0,0,0,0,"4",5,1,2,32,0,248,2,3,"1","1",2,2,18000,1
"2590",5703,9,"1","31","1",1453,"UNIVERSIDAD DE GUADALAJARA",1,3,1,0,"4",6,1,1,46,0,166,4,6,"1","1",3,3,15000,1
"2592",5706,9,"1","35","2",1453,"UNIVERSIDAD DE GUADALAJARA",0,0,1,0,"4",10,1,1,28,0,399,0,7,"1","1",4,4,30000,1
"2593",5707,9,"1","32","2",1453,"UNIVERSIDAD DE GUADALAJARA",0,0,0,0,"4",8,1,1,56,0,211,1,7,"1","1",4,4,30000,1
"2594",5708,9,"2","30","2",1453,"UNIVERSIDAD DE GUADALAJARA",1,3,3,1,"2",8,1,1,98,0,260,6,3,"1","1",3,3,19000,0
"2598",5713,9,"2","31","2",1453,"UNIVERSIDAD DE GUADALAJARA",1,0,3,0,"4",2,1,1,56,0,500,0,3,"1","1",3,3,9500,1
"2599",5714,9,"1","33","2",1453,"UNIVERSIDAD DE GUADALAJARA",1,3,1,1,"2",15,1,1,31,0,352,2,7,"1","1",4,4,20000,0
"2601",5719,9,"1","34","2",1453,"UNIVERSIDAD DE GUADALAJARA",1,0,2,0,"2",8,1,1,98,0,120,1,7,"1","1",5,5,10500,0
"2602",5720,9,"2","33","1",1453,"UNIVERSIDAD DE GUADALAJARA",1,0,1,1,"4",5,1,2,14,0,500,0,4,"1","1",4,4,12500,1
"2603",5722,9,"2","30","2",1453,"UNIVERSIDAD DE GUADALAJARA",0,0,0,1,"2",2,1,0,14,0,180,0,4,"1","0",3,3,9500,0
"2605",5724,9,"2","34","1",1453,"UNIVERSIDAD DE GUADALAJARA",1,4,4,0,"4",10,1,2,57,0,459,5,3,"1","1",4,4,25000,1
"2609",5728,9,"1","30","2",1453,"UNIVERSIDAD DE GUADALAJARA",0,0,0,0,"4",6,1,1,21,0,164,0,6,"1","1",3,3,20000,1
"2610",5729,9,"1","34","2",1453,"UNIVERSIDAD DE GUADALAJARA",0,0,4,5,"4",12,1,2,76,0,260,4,6,"1","1",4,4,30000,1
"2612",5731,9,"2","30","2",1453,"UNIVERSIDAD DE GUADALAJARA",0,1,0,0,"4",10,1,1,28,0,48,0,4,"1","1",5,5,12500,1
"2615",5735,9,"2","29","1",1453,"UNIVERSIDAD DE GUADALAJARA",1,2,2,0,"1",11,1,1,86,0,500,0,4,"1","1",5,5,15500,0
"2618",5740,9,"1","34","2",1453,"UNIVERSIDAD DE GUADALAJARA",0,1,1,1,"4",13,1,1,100,0,500,0,8,"1","0",5,4,13600,1
"2620",5742,9,"2","27","1",1453,"UNIVERSIDAD DE GUADALAJARA",1,1,1,0,"4",8,1,1,50,0,225,0,6,"1","0",5,5,15000,1
"2629",5751,9,"2","35","2",1453,"UNIVERSIDAD DE GUADALAJARA",0,0,5,4,"4",11,1,1,85,0,201,9,4,"1","1",3,3,14000,1
"2633",5755,9,"1","32","2",1453,"UNIVERSIDAD DE GUADALAJARA",0,0,2,0,"4",8,1,1,11,0,33,0,7,"1","1",5,5,16300,1
"2635",5757,9,"1","33","2",1453,"UNIVERSIDAD DE GUADALAJARA",1,0,0,1,"4",10,1,2,31,0,490,0,3,"1","1",3,2,14000,1
"2639",5764,9,"1","36","2",1453,"UNIVERSIDAD DE GUADALAJARA",1,0,1,0,"4",5,1,1,51,0,500,0,4,"1","1",5,4,17200,1
"2640",5765,9,"2","32","1",1453,"UNIVERSIDAD DE GUADALAJARA",1,1,1,1,"4",9,1,1,55,0,161,2,5,"1","1",4,3,19000,1
"2646",5774,9,"1","33","2",1453,"UNIVERSIDAD DE GUADALAJARA",0,0,0,0,"4",6,1,1,13,0,290,0,6,"1","1",2,2,16000,1
"2648",5778,9,"1","29","1",1453,"UNIVERSIDAD DE GUADALAJARA",0,4,5,2,"1",8,1,2,157,0,253,2,3,"1","1",5,5,16500,0
"2652",5783,9,"2","31","1",1453,"UNIVERSIDAD DE GUADALAJARA",1,2,0,1,"4",9,1,2,10,0,500,0,4,"1","1",5,4,12500,1
"2657",5789,9,"2","30","2",1453,"UNIVERSIDAD DE GUADALAJARA",1,0,3,3,"4",9,1,1,54,0,329,3,3,"1","1",4,4,10500,1
"2660",5794,9,"1","34","2",1453,"UNIVERSIDAD DE GUADALAJARA",1,2,0,1,"4",8,1,1,50,0,260,1,10,"1","1",5,5,12500,1
"2661",5795,9,"1","35","2",1453,"UNIVERSIDAD DE GUADALAJARA",1,0,1,0,"4",8,1,1,37,0,240,0,3,"1","1",5,5,14500,1
"2668",5804,9,"1","30","2",1453,"UNIVERSIDAD DE GUADALAJARA",0,0,1,0,"4",9,1,1,80,0,500,1,6,"1","1",3,3,18000,1
"2671",5809,9,"2","30","1",1453,"UNIVERSIDAD DE GUADALAJARA",0,0,6,4,"4",7,1,1,15,0,211,0,4,"1","1",3,3,15000,1
"2672",5811,9,"2","29","1",1453,"UNIVERSIDAD DE GUADALAJARA",1,1,5,1,"4",5,1,2,40,0,320,4,7,"1","1",3,2,16000,1
"2682",5825,9,"1","34","2",1453,"UNIVERSIDAD DE GUADALAJARA",0,4,2,1,"2",15,1,1,85,0,143,1,4,"1","1",5,5,15000,0
"2696",5852,9,"2","35","2",1453,"UNIVERSIDAD DE GUADALAJARA",0,1,0,2,"4",8,1,2,48,0,87,0,6,"1","0",5,5,12500,1
"2700",5858,9,"1","32","2",1453,"UNIVERSIDAD DE GUADALAJARA",0,0,2,1,"4",8,1,1,29,0,361,0,4,"1","1",5,5,14500,1
"2703",5861,9,"2","31","1",1453,"UNIVERSIDAD DE GUADALAJARA",0,0,4,2,"4",6,1,1,71,0,194,5,2,"1","1",4,4,20000,1
"2705",5864,9,"1","33","2",1453,"UNIVERSIDAD DE GUADALAJARA",1,0,3,1,"2",9,1,1,49,0,500,0,3,"1","1",4,4,17000,0
"2707",5868,9,"1","32","1",1453,"UNIVERSIDAD DE GUADALAJARA",0,1,2,0,"4",5,1,1,27,0,248,0,3,"1","1",5,4,10500,1
"2708",5870,9,"1","34","2",1453,"UNIVERSIDAD DE GUADALAJARA",1,4,3,2,"4",11,1,1,53,0,500,0,7,"1","1",5,4,12500,1
"2709",5871,9,"2","32","1",1453,"UNIVERSIDAD DE GUADALAJARA",1,2,4,0,"4",9,1,1,26,0,441,1,5,"1","1",3,3,20000,1
"2717",5881,9,"2","31","1",1453,"UNIVERSIDAD DE GUADALAJARA",0,3,4,4,"2",3,1,2,78,0,375,1,2,"1","1",3,3,20000,0
"2719",5885,9,"2","30","2",1453,"UNIVERSIDAD DE GUADALAJARA",1,0,0,2,"4",5,1,1,34,0,91,0,5,"1","1",2,2,18000,1
"2727",5895,9,"1","31","2",2557,"BENEMÉRITA UNIVERSIDAD AUTÓNOMA DE PUEBLA",1,2,5,1,"4",3,1,1,122,0,69,0,3,"1","1",5,5,20000,1
"2743",5914,9,"1","35","2",289,"INSTITUTO LATINOAMERICANO DE ESTUDIOS SUPERIORES",0,2,2,0,"4",9,1,1,63,0,365,4,7,"0","1",3,3,15000,1
"2748",5922,24,"2","35","2",2829,"UNIVERSIDAD AUTÓNOMA DE SAN LUIS POTOSÍ",1,0,2,3,"4",10,1,1,58,0,122,0,3,"1","1",5,5,11600,1
"2753",5933,24,"1","32","2",2829,"UNIVERSIDAD AUTÓNOMA DE SAN LUIS POTOSÍ",0,0,0,0,"3",6,1,1,9,0,94,0,4,"1","1",4,3,10500,1
"2754",5934,1,"2","32","2",40,"UNIVERSIDAD AUTÓNOMA DE AGUASCALIENTES",0,1,0,2,"4",6,1,1,33,0,94,0,2,"1","1",5,4,12500,1
"2759",5940,1,"2","35","2",40,"UNIVERSIDAD AUTÓNOMA DE AGUASCALIENTES",1,0,0,1,"4",5,1,1,22,0,409,0,2,"1","1",4,4,11600,1
"2761",5944,9,"1","31","2",855,"UNIVERSIDAD DE COLIMA",0,0,6,0,"4",7,1,1,44,0,124,1,5,"1","1",5,5,11200,1
"2768",5953,9,"2","29","2",1453,"UNIVERSIDAD DE GUADALAJARA",1,4,5,4,"4",5,1,1,73,0,410,2,4,"1","1",4,4,22000,1
"2773",5958,9,"1","32","2",1453,"UNIVERSIDAD DE GUADALAJARA",0,0,1,0,"4",9,1,1,26,0,435,4,7,"1","1",3,3,19000,1
"2780",5965,9,"1","32","2",1453,"UNIVERSIDAD DE GUADALAJARA",1,3,3,1,"4",8,1,1,66,0,500,2,3,"1","1",3,3,16000,1
"2783",5968,9,"2","29","2",1453,"UNIVERSIDAD DE GUADALAJARA",0,0,0,0,"4",6,1,1,34,0,500,1,6,"1","1",4,4,30000,1
"2786",5971,9,"2","28","2",1453,"UNIVERSIDAD DE GUADALAJARA",0,0,0,0,"4",6,1,1,15,0,500,1,4,"1","1",3,3,13000,1
"2788",5973,9,"1","29","2",1453,"UNIVERSIDAD DE GUADALAJARA",0,1,0,0,"4",5,1,1,93,0,500,1,6,"1","1",4,4,35000,1
"2790",5975,9,"2","30","2",1453,"UNIVERSIDAD DE GUADALAJARA",0,6,0,1,"4",7,1,1,3,0,37,0,3,"1","1",5,5,14000,1
"2791",5976,9,"1","30","2",1453,"UNIVERSIDAD DE GUADALAJARA",0,0,2,1,"4",7,1,1,46,0,434,1,4,"1","1",5,5,17500,1
"2794",5979,9,"1","29","2",1453,"UNIVERSIDAD DE GUADALAJARA",0,0,0,1,"4",6,1,1,31,0,500,1,6,"1","1",3,3,18000,1
"2795",5980,9,"1","30","2",1453,"UNIVERSIDAD DE GUADALAJARA",0,0,3,1,"4",5,1,2,17,0,500,0,7,"1","1",3,3,18000,1
"2796",5981,9,"1","29","2",1453,"UNIVERSIDAD DE GUADALAJARA",0,2,5,1,"4",4,1,2,68,0,139,4,6,"1","1",4,4,30000,1
"2799",5985,9,"1","32","2",1453,"UNIVERSIDAD DE GUADALAJARA",0,0,1,0,"1",5,1,1,44,0,500,0,4,"1","0",3,3,16000,0
"2804",5990,9,"1","27","2",1453,"UNIVERSIDAD DE GUADALAJARA",0,0,0,1,"4",5,1,1,16,0,127,1,4,"1","1",2,2,10500,1
"2805",5991,9,"2","32","2",1453,"UNIVERSIDAD DE GUADALAJARA",0,7,1,1,"4",8,1,2,56,0,491,2,3,"1","1",3,3,17000,1
"2812",5998,9,"2","33","2",1453,"UNIVERSIDAD DE GUADALAJARA",0,0,6,0,"4",8,1,1,17,0,500,0,5,"1","1",2,2,15000,1
"2847",6002,9,"1","31","2",1453,"UNIVERSIDAD DE GUADALAJARA",0,2,2,1,"4",5,1,1,68,0,500,4,3,"1","1",3,2,9500,1
"2848",6002,9,"1","31","2",1453,"UNIVERSIDAD DE GUADALAJARA",0,2,2,1,"4",5,1,1,68,0,500,4,3,"1","0",3,2,9500,1
"2849",6002,9,"1","31","2",1453,"UNIVERSIDAD DE GUADALAJARA",0,2,2,1,"4",5,1,1,68,0,500,4,3,"1","1",3,2,9500,1
"2850",6002,9,"1","31","2",1453,"UNIVERSIDAD DE GUADALAJARA",0,2,2,1,"4",5,1,1,68,0,500,4,3,"1","0",3,2,9500,1
"2851",6002,9,"1","31","2",1453,"UNIVERSIDAD DE GUADALAJARA",0,2,2,1,"4",5,1,1,68,0,500,4,3,"1","1",3,2,9500,1
"2852",6002,9,"1","31","2",1453,"UNIVERSIDAD DE GUADALAJARA",0,2,2,1,"4",5,1,1,68,0,500,4,3,"1","0",3,2,9500,1
"2853",6002,9,"1","31","2",1453,"UNIVERSIDAD DE GUADALAJARA",0,2,2,1,"4",5,1,1,68,0,500,4,3,"1","1",3,2,9500,1
"2854",6002,9,"1","31","2",1453,"UNIVERSIDAD DE GUADALAJARA",0,2,2,1,"4",5,1,1,68,0,500,4,3,"1","0",3,2,9500,1
"2855",6002,9,"1","31","2",1453,"UNIVERSIDAD DE GUADALAJARA",0,2,2,1,"4",5,1,1,68,0,500,4,3,"1","1",3,2,9500,1
"2856",6002,9,"1","31","2",1453,"UNIVERSIDAD DE GUADALAJARA",0,2,2,1,"4",5,1,1,68,0,500,4,3,"1","0",3,2,9500,1
"2857",6002,9,"1","31","2",1453,"UNIVERSIDAD DE GUADALAJARA",0,2,2,1,"4",5,1,1,68,0,500,4,3,"1","1",3,2,9500,1
"2858",6002,9,"1","31","2",1453,"UNIVERSIDAD DE GUADALAJARA",0,2,2,1,"4",5,1,1,68,0,500,4,3,"1","0",3,2,9500,1
"2859",6002,9,"1","31","2",1453,"UNIVERSIDAD DE GUADALAJARA",0,2,2,1,"4",5,1,1,68,0,500,4,3,"1","1",3,2,9500,1
"2860",6002,9,"1","31","2",1453,"UNIVERSIDAD DE GUADALAJARA",0,2,2,1,"4",5,1,1,68,0,500,4,3,"1","0",3,2,9500,1
"2861",6002,9,"1","31","2",1453,"UNIVERSIDAD DE GUADALAJARA",0,2,2,1,"4",5,1,1,68,0,500,4,3,"1","1",3,2,9500,1
"2862",6002,9,"1","31","2",1453,"UNIVERSIDAD DE GUADALAJARA",0,2,2,1,"4",5,1,1,68,0,500,4,3,"1","0",3,2,9500,1
"2863",6002,9,"1","31","2",1453,"UNIVERSIDAD DE GUADALAJARA",0,2,2,1,"4",5,1,1,68,0,500,4,3,"1","1",3,2,9500,1
"2864",6002,9,"1","31","2",1453,"UNIVERSIDAD DE GUADALAJARA",0,2,2,1,"4",5,1,1,68,0,500,4,3,"1","0",3,2,9500,1
"2865",6002,9,"1","31","2",1453,"UNIVERSIDAD DE GUADALAJARA",0,2,2,1,"4",5,1,1,68,0,500,4,3,"1","1",3,2,9500,1
"2866",6002,9,"1","31","2",1453,"UNIVERSIDAD DE GUADALAJARA",0,2,2,1,"4",5,1,1,68,0,500,4,3,"1","0",3,2,9500,1
"2867",6002,9,"1","31","2",1453,"UNIVERSIDAD DE GUADALAJARA",0,2,2,1,"4",5,1,1,68,0,500,4,3,"1","1",3,2,9500,1
"2868",6002,9,"1","31","2",1453,"UNIVERSIDAD DE GUADALAJARA",0,2,2,1,"4",5,1,1,68,0,500,4,3,"1","0",3,2,9500,1
"2869",6002,9,"1","31","2",1453,"UNIVERSIDAD DE GUADALAJARA",0,2,2,1,"4",5,1,1,68,0,500,4,3,"1","1",3,2,9500,1
"2870",6002,9,"1","31","2",1453,"UNIVERSIDAD DE GUADALAJARA",0,2,2,1,"4",5,1,1,68,0,500,4,3,"1","0",3,2,9500,1
"2871",6002,9,"1","31","2",1453,"UNIVERSIDAD DE GUADALAJARA",0,2,2,1,"4",5,1,1,68,0,500,4,3,"1","1",3,2,9500,1
"2872",6002,9,"1","31","2",1453,"UNIVERSIDAD DE GUADALAJARA",0,2,2,1,"4",5,1,1,68,0,500,4,3,"1","0",3,2,9500,1
"2873",6002,9,"1","31","2",1453,"UNIVERSIDAD DE GUADALAJARA",0,2,2,1,"4",5,1,1,68,0,500,4,3,"1","1",3,2,9500,1
"2874",6002,9,"1","31","2",1453,"UNIVERSIDAD DE GUADALAJARA",0,2,2,1,"4",5,1,1,68,0,500,4,3,"1","0",3,2,9500,1
"2875",6002,9,"1","31","2",1453,"UNIVERSIDAD DE GUADALAJARA",0,2,2,1,"4",5,1,1,68,0,500,4,3,"1","1",3,2,9500,1
"2876",6002,9,"1","31","2",1453,"UNIVERSIDAD DE GUADALAJARA",0,2,2,1,"4",5,1,1,68,0,500,4,3,"1","0",3,2,9500,1
"2877",6002,9,"1","31","2",1453,"UNIVERSIDAD DE GUADALAJARA",0,2,2,1,"4",5,1,1,68,0,500,4,3,"1","1",3,2,9500,1
"2878",6002,9,"1","31","2",1453,"UNIVERSIDAD DE GUADALAJARA",0,2,2,1,"4",5,1,1,68,0,500,4,3,"1","0",3,2,9500,1
"2911",6004,9,"1","33","2",1453,"UNIVERSIDAD DE GUADALAJARA",0,10,5,3,"4",10,1,1,152,0,115,6,9,"1","1",4,4,18000,1
"2912",6004,9,"1","33","2",1453,"UNIVERSIDAD DE GUADALAJARA",0,10,5,3,"4",10,1,1,152,0,115,6,9,"1","1",4,4,18000,1
"2913",6004,9,"1","33","2",1453,"UNIVERSIDAD DE GUADALAJARA",0,10,5,3,"4",10,1,1,152,0,115,6,9,"1","1",4,4,18000,1
"2914",6004,9,"1","33","2",1453,"UNIVERSIDAD DE GUADALAJARA",0,10,5,3,"4",10,1,1,152,0,115,6,9,"1","1",4,4,18000,1
"2915",6004,9,"1","33","2",1453,"UNIVERSIDAD DE GUADALAJARA",0,10,5,3,"4",10,1,1,152,0,115,6,9,"1","1",4,4,18000,1
"2916",6004,9,"1","33","2",1453,"UNIVERSIDAD DE GUADALAJARA",0,10,5,3,"4",10,1,1,152,0,115,6,9,"1","1",4,4,18000,1
"2917",6004,9,"1","33","2",1453,"UNIVERSIDAD DE GUADALAJARA",0,10,5,3,"4",10,1,1,152,0,115,6,9,"1","1",4,4,18000,1
"2918",6004,9,"1","33","2",1453,"UNIVERSIDAD DE GUADALAJARA",0,10,5,3,"4",10,1,1,152,0,115,6,9,"1","1",4,4,18000,1
"2919",6004,9,"1","33","2",1453,"UNIVERSIDAD DE GUADALAJARA",0,10,5,3,"4",10,1,1,152,0,115,6,9,"1","1",4,4,18000,1
"2920",6004,9,"1","33","2",1453,"UNIVERSIDAD DE GUADALAJARA",0,10,5,3,"4",10,1,1,152,0,115,6,9,"1","1",4,4,18000,1
"2921",6004,9,"1","33","2",1453,"UNIVERSIDAD DE GUADALAJARA",0,10,5,3,"4",10,1,1,152,0,115,6,9,"1","1",4,4,18000,1
"2922",6004,9,"1","33","2",1453,"UNIVERSIDAD DE GUADALAJARA",0,10,5,3,"4",10,1,1,152,0,115,6,9,"1","1",4,4,18000,1
"2923",6004,9,"1","33","2",1453,"UNIVERSIDAD DE GUADALAJARA",0,10,5,3,"4",10,1,1,152,0,115,6,9,"1","1",4,4,18000,1
"2924",6004,9,"1","33","2",1453,"UNIVERSIDAD DE GUADALAJARA",0,10,5,3,"4",10,1,1,152,0,115,6,9,"1","1",4,4,18000,1
"2925",6004,9,"1","33","2",1453,"UNIVERSIDAD DE GUADALAJARA",0,10,5,3,"4",10,1,1,152,0,115,6,9,"1","1",4,4,18000,1
"2926",6004,9,"1","33","2",1453,"UNIVERSIDAD DE GUADALAJARA",0,10,5,3,"4",10,1,1,152,0,115,6,9,"1","1",4,4,18000,1
"2927",6004,9,"1","33","2",1453,"UNIVERSIDAD DE GUADALAJARA",0,10,5,3,"4",10,1,1,152,0,115,6,9,"1","1",4,4,18000,1
"2928",6004,9,"1","33","2",1453,"UNIVERSIDAD DE GUADALAJARA",0,10,5,3,"4",10,1,1,152,0,115,6,9,"1","1",4,4,18000,1
"2929",6004,9,"1","33","2",1453,"UNIVERSIDAD DE GUADALAJARA",0,10,5,3,"4",10,1,1,152,0,115,6,9,"1","1",4,4,18000,1
"2930",6004,9,"1","33","2",1453,"UNIVERSIDAD DE GUADALAJARA",0,10,5,3,"4",10,1,1,152,0,115,6,9,"1","1",4,4,18000,1
"2931",6004,9,"1","33","2",1453,"UNIVERSIDAD DE GUADALAJARA",0,10,5,3,"4",10,1,1,152,0,115,6,9,"1","1",4,4,18000,1
"2932",6004,9,"1","33","2",1453,"UNIVERSIDAD DE GUADALAJARA",0,10,5,3,"4",10,1,1,152,0,115,6,9,"1","1",4,4,18000,1
"2933",6004,9,"1","33","2",1453,"UNIVERSIDAD DE GUADALAJARA",0,10,5,3,"4",10,1,1,152,0,115,6,9,"1","1",4,4,18000,1
"2934",6004,9,"1","33","2",1453,"UNIVERSIDAD DE GUADALAJARA",0,10,5,3,"4",10,1,1,152,0,115,6,9,"1","1",4,4,18000,1
"2935",6004,9,"1","33","2",1453,"UNIVERSIDAD DE GUADALAJARA",0,10,5,3,"4",10,1,1,152,0,115,6,9,"1","1",4,4,18000,1
"2936",6004,9,"1","33","2",1453,"UNIVERSIDAD DE GUADALAJARA",0,10,5,3,"4",10,1,1,152,0,115,6,9,"1","1",4,4,18000,1
"2937",6004,9,"1","33","2",1453,"UNIVERSIDAD DE GUADALAJARA",0,10,5,3,"4",10,1,1,152,0,115,6,9,"1","1",4,4,18000,1
"2938",6004,9,"1","33","2",1453,"UNIVERSIDAD DE GUADALAJARA",0,10,5,3,"4",10,1,1,152,0,115,6,9,"1","1",4,4,18000,1
"2939",6004,9,"1","33","2",1453,"UNIVERSIDAD DE GUADALAJARA",0,10,5,3,"4",10,1,1,152,0,115,6,9,"1","1",4,4,18000,1
"2940",6004,9,"1","33","2",1453,"UNIVERSIDAD DE GUADALAJARA",0,10,5,3,"4",10,1,1,152,0,115,6,9,"1","1",4,4,18000,1
"2941",6004,9,"1","33","2",1453,"UNIVERSIDAD DE GUADALAJARA",0,10,5,3,"4",10,1,1,152,0,115,6,9,"1","1",4,4,18000,1
"2942",6004,9,"1","33","2",1453,"UNIVERSIDAD DE GUADALAJARA",0,10,5,3,"4",10,1,1,152,0,115,6,9,"1","1",4,4,18000,1
"3137",6008,9,"2","35","2",712,"UNIVERSIDAD NACIONAL AUTÓNOMA DE MÉXICO",1,4,6,3,"4",11,1,14,79,7,199,1,4,"1","1",5,5,18500,1
"3142",6013,9,"1","36","2",712,"UNIVERSIDAD NACIONAL AUTÓNOMA DE MÉXICO",1,3,0,4,"4",13,1,20,85,14,374,0,2,"1","1",1,1,9000,1
"3148",6019,9,"2","32","2",712,"UNIVERSIDAD NACIONAL AUTÓNOMA DE MÉXICO",1,1,0,0,"4",6,1,12,86,12,500,0,5,"1","1",4,4,20000,1
"3155",6026,9,"2","31","2",712,"UNIVERSIDAD NACIONAL AUTÓNOMA DE MÉXICO",1,10,12,2,"4",10,1,18,217,558,500,1,3,"1","1",3,4,15000,1
"3158",6029,9,"2","31","2",712,"UNIVERSIDAD NACIONAL AUTÓNOMA DE MÉXICO",1,5,7,1,"4",12,1,14,110,62,68,0,2,"1","0",2,3,12600,1
"3160",6031,9,"2","35","1",651,"UNIVERSIDAD TECNOLÓGICA DE MÉXICO",0,3,2,0,"4",14,1,10,122,0,132,0,3,"0","1",3,2,14000,1
"3161",6032,9,"1","32","2",712,"UNIVERSIDAD NACIONAL AUTÓNOMA DE MÉXICO",1,10,4,4,"4",5,1,20,181,18,317,0,6,"1","1",5,5,13500,1
"3168",6039,19,"1","33","1",2213,"UNIVERSIDAD AUTÓNOMA DE NUEVO LEÓN",0,1,1,0,"4",10,1,8,123,0,194,1,7,"1","1",5,5,12500,1
"3181",6052,19,"2","33","2",2213,"UNIVERSIDAD AUTÓNOMA DE NUEVO LEÓN",1,5,6,1,"2",9,1,20,217,265,500,2,3,"1","1",5,5,14500,0
"3185",6056,9,"2","36","1",590,"INSTITUTO TECNOLÓGICO AUTÓNOMO DE MÉXICO",1,7,10,4,"1",10,1,15,235,80,500,1,3,"0","1",5,4,12500,0
"3189",6060,9,"2","32","2",590,"INSTITUTO TECNOLÓGICO AUTÓNOMO DE MÉXICO",1,6,15,4,"2",10,1,12,166,118,500,6,3,"0","1",5,5,15500,0
"3200",6071,9,"1","34","2",590,"INSTITUTO TECNOLÓGICO AUTÓNOMO DE MÉXICO",1,9,13,10,"4",10,1,24,363,86,500,1,7,"0","1",5,5,19500,1
"3204",6075,9,"1","34","1",590,"INSTITUTO TECNOLÓGICO AUTÓNOMO DE MÉXICO",1,3,8,4,"4",8,1,18,88,123,500,1,4,"0","1",5,4,15500,1
"3216",6088,9,"2","36","2",590,"INSTITUTO TECNOLÓGICO AUTÓNOMO DE MÉXICO",1,12,5,4,"4",10,1,10,169,148,500,0,4,"0","1",5,5,16000,1
"3238",6110,9,"1","34","2",1623,"UNIVERSIDAD ANÁHUAC",1,9,12,6,"4",8,1,16,313,91,500,7,4,"0","1",5,4,13600,1
"3240",6112,9,"2","36","2",1623,"UNIVERSIDAD ANÁHUAC",1,9,10,3,"4",5,1,6,299,344,500,1,7,"0","1",5,4,12500,1
"3242",6114,9,"1","30","2",1623,"UNIVERSIDAD ANÁHUAC",1,9,5,6,"2",7,1,8,691,47,64,4,2,"0","1",4,3,10500,0
"3245",6117,9,"2","31","2",1635,"UNIVERSIDAD DEL VALLE DE MÉXICO",0,0,1,0,"4",4,1,6,39,8,251,0,2,"0","1",2,3,10500,1
"3248",6120,15,"2","31","2",1623,"UNIVERSIDAD ANÁHUAC",1,7,0,4,"1",10,1,24,240,208,500,4,4,"0","1",5,4,12500,0
"3250",6122,9,"2","34","2",1623,"UNIVERSIDAD ANÁHUAC",1,2,4,1,"1",10,1,20,167,8,244,2,2,"0","1",4,3,11500,0
"3252",6124,9,"2","35","1",461,"UNIVERSIDAD AUTÓNOMA DE CIUDAD JUÁREZ",1,4,4,4,"4",8,1,12,144,95,483,1,7,"1","1",3,3,11000,1
"3258",6130,9,"1","28","2",637,"UNIVERSIDAD LA SALLE, A.C. - CIUDAD DE MÉXICO",1,3,1,1,"4",4,1,6,59,0,182,0,4,"0","1",3,2,10500,1
"3263",6135,9,"1","33","1",637,"UNIVERSIDAD LA SALLE, A.C. - CIUDAD DE MÉXICO",1,10,15,7,"2",10,1,12,378,147,403,0,4,"0","1",5,4,11800,0
"3267",6139,9,"1","33","2",637,"UNIVERSIDAD LA SALLE, A.C. - CIUDAD DE MÉXICO",1,2,4,3,"1",12,1,16,116,17,500,2,4,"0","1",5,4,12500,0
"3270",6142,9,"2","35","2",645,"UNIVERSIDAD PANAMERICANA",1,16,7,3,"1",13,1,15,217,83,500,4,4,"0","0",5,5,14500,0
"3277",6149,9,"2","33","2",645,"UNIVERSIDAD PANAMERICANA",1,10,16,8,"4",10,1,16,313,332,500,0,4,"0","1",5,3,10000,1
"3286",6158,21,"2","35","2",3490,"UNIVERSIDAD TECNOLÓGICA DEL CENTRO DE MÉXICO",1,11,9,0,"2",13,1,19,222,222,500,1,7,"1","1",5,5,16500,0
"3287",6159,9,"2","30","1",3490,"UNIVERSIDAD TECNOLÓGICA DEL CENTRO DE MÉXICO",1,5,5,3,"4",10,1,10,396,50,500,0,7,"1","1",4,3,9000,1
"3292",6164,9,"2","31","2",3490,"UNIVERSIDAD TECNOLÓGICA DEL CENTRO DE MÉXICO",1,8,18,2,"4",7,1,30,191,4,196,1,4,"1","1",4,4,13500,1
"3294",6166,30,"1","38","2",3490,"UNIVERSIDAD TECNOLÓGICA DEL CENTRO DE MÉXICO",1,4,3,0,"2",9,1,8,87,6,83,0,3,"1","1",4,4,10000,0
"3296",6168,21,"2","35","2",3490,"UNIVERSIDAD TECNOLÓGICA DEL CENTRO DE MÉXICO",1,4,9,0,"3",7,1,12,257,62,419,1,4,"1","0",4,3,9500,1
"3298",6171,19,"2","32","2",3490,"UNIVERSIDAD TECNOLÓGICA DEL CENTRO DE MÉXICO",1,2,0,1,"4",7,1,10,97,0,74,0,7,"1","1",4,4,9500,1
"3301",6174,9,"2","30","2",3490,"UNIVERSIDAD TECNOLÓGICA DEL CENTRO DE MÉXICO",1,4,4,2,"2",2,1,8,259,5,267,0,4,"1","0",3,4,9500,0
"3305",6178,9,"1","35","1",3490,"UNIVERSIDAD TECNOLÓGICA DEL CENTRO DE MÉXICO",1,5,5,2,"4",10,1,14,207,73,500,3,3,"1","1",4,3,12000,1
"3309",6182,9,"2","33","2",3490,"UNIVERSIDAD TECNOLÓGICA DEL CENTRO DE MÉXICO",1,6,6,0,"2",8,1,12,387,34,176,0,5,"1","0",3,3,7500,0
"3315",6188,8,"2","36","1",452,"INSTITUTO TECNOLÓGICO DE CIUDAD CUAUHTÉMOC",1,8,7,1,"4",10,1,14,318,0,261,2,7,"1","1",4,4,12000,1
"3336",6210,9,"2","30","2",3145,"UNIVERSIDAD AUTÓNOMA DE TAMAULIPAS",1,5,1,4,"2",7,1,3,168,18,500,1,5,"1","1",4,3,17000,0
"3340",6214,30,"2","29","1",2020,"UNIVERSIDAD AUTÓNOMA DEL ESTADO DE MORELOS",1,6,9,2,"4",8,1,12,175,134,500,0,5,"1","1",5,4,20000,1
"3352",6227,9,"1","34","1",2020,"UNIVERSIDAD AUTÓNOMA DEL ESTADO DE MORELOS",1,3,5,0,"4",10,1,7,146,63,118,1,7,"1","1",4,3,18000,1
"3358",6233,22,"2","35","1",2020,"UNIVERSIDAD AUTÓNOMA DEL ESTADO DE MORELOS",1,2,3,0,"4",12,1,5,144,8,296,0,4,"1","1",3,3,10500,1
"3359",6234,22,"2","34","2",2020,"UNIVERSIDAD AUTÓNOMA DEL ESTADO DE MORELOS",1,0,1,1,"4",12,1,8,41,0,440,0,4,"1","1",3,3,9000,1
"3360",6235,9,"2","31","1",2020,"UNIVERSIDAD AUTÓNOMA DEL ESTADO DE MORELOS",1,5,4,0,"3",6,1,10,51,0,125,3,3,"1","1",5,4,12000,1
"3365",6240,9,"2","36","1",811,"UNIVERSIDAD AUTÓNOMA DE COAHUILA",1,4,7,1,"4",10,1,9,173,8,60,0,3,"1","0",3,2,8000,1
"3370",6245,5,"1","36","2",811,"UNIVERSIDAD AUTÓNOMA DE COAHUILA",1,3,4,0,"4",9,1,7,119,0,204,0,7,"1","1",3,2,8000,1
"3372",6247,5,"2","35","1",811,"UNIVERSIDAD AUTÓNOMA DE COAHUILA",1,0,5,2,"4",8,1,8,121,24,500,0,3,"1","1",5,4,12500,1
"3376",6251,5,"2","34","2",811,"UNIVERSIDAD AUTÓNOMA DE COAHUILA",1,6,7,2,"4",10,1,9,129,54,398,1,7,"1","1",3,2,6000,1
"3390",6266,24,"2","34","1",2829,"UNIVERSIDAD AUTÓNOMA DE SAN LUIS POTOSÍ",1,0,6,0,"4",8,1,5,39,1,500,0,4,"1","1",3,2,8000,1
"3403",6279,24,"1","29","2",2810,"UNIVERSIDAD TANGAMANGA",1,7,2,0,"2",15,1,12,185,0,109,1,7,"0","1",3,3,10500,0
"3404",6280,24,"1","32","1",2810,"UNIVERSIDAD TANGAMANGA",1,3,2,0,"1",9,1,7,55,0,38,0,4,"0","1",2,2,10000,0
"3405",6281,24,"2","32","2",2810,"UNIVERSIDAD TANGAMANGA",1,0,3,0,"4",10,1,6,121,129,500,0,7,"0","1",5,5,14200,1
"3415",6291,27,"2","34","2",3039,"UNIVERSIDAD JUÁREZ AUTÓNOMA DE TABASCO",1,7,14,8,"4",6,1,18,391,0,80,5,1,"1","1",5,4,15500,1
"3420",6296,22,"1","34","2",3039,"UNIVERSIDAD JUÁREZ AUTÓNOMA DE TABASCO",1,5,0,0,"4",3,1,18,65,0,76,0,6,"1","1",3,2,9000,1
"3433",6309,1,"2","32","2",40,"UNIVERSIDAD AUTÓNOMA DE AGUASCALIENTES",1,4,0,3,"4",6,1,2,148,0,500,0,2,"1","1",3,4,8000,1
"3434",6310,9,"1","31","2",40,"UNIVERSIDAD AUTÓNOMA DE AGUASCALIENTES",1,0,5,1,"2",8,1,13,94,8,253,1,3,"1","1",5,5,15500,0
"3435",6311,1,"1","37","2",40,"UNIVERSIDAD AUTÓNOMA DE AGUASCALIENTES",0,0,0,0,"4",5,1,12,41,4,274,0,7,"1","1",5,4,13600,1
"3439",6315,9,"1","30","2",329,"UNIVERSIDAD VALLE DEL GRIJALVA",1,9,4,0,"4",11,1,4,126,0,109,0,7,"0","1",4,3,9000,1
"3446",6322,23,"2","32","1",329,"UNIVERSIDAD VALLE DEL GRIJALVA",1,4,9,2,"3",10,1,10,417,3,500,2,7,"0","1",4,2,8000,1
"3455",6331,9,"1","31","2",461,"UNIVERSIDAD AUTÓNOMA DE CIUDAD JUÁREZ",0,5,0,2,"2",8,1,15,73,0,344,5,7,"1","1",4,3,10000,0
"3456",6332,14,"1","34","2",461,"UNIVERSIDAD AUTÓNOMA DE CIUDAD JUÁREZ",0,1,1,0,"4",5,1,14,70,0,309,0,2,"1","1",5,4,16500,1
"3460",6336,11,"1","36","2",461,"UNIVERSIDAD AUTÓNOMA DE CIUDAD JUÁREZ",1,6,0,1,"1",15,1,10,248,36,310,1,7,"1","1",5,5,18000,0
"3471",6347,9,"2","32","1",712,"UNIVERSIDAD NACIONAL AUTÓNOMA DE MÉXICO",1,4,7,0,"4",7,1,7,139,6,89,2,3,"1","1",5,4,7500,1
"3475",6351,9,"2","33","2",632,"UNIVERSIDAD INTERCONTINENTAL",1,3,0,1,"3",4,1,10,129,8,231,0,10,"0","1",3,3,6000,1
"3483",6360,9,"2","30","2",632,"UNIVERSIDAD INTERCONTINENTAL",1,0,3,0,"1",8,1,10,234,94,500,0,3,"0","1",2,2,8000,0
"3484",6361,9,"2","30","2",632,"UNIVERSIDAD INTERCONTINENTAL",1,2,2,1,"4",9,1,10,74,79,500,0,4,"0","0",2,2,4000,1
"3487",6364,9,"2","32","1",632,"UNIVERSIDAD INTERCONTINENTAL",1,5,8,1,"4",10,1,9,215,358,500,0,3,"0","0",3,3,6000,1
"3489",6366,9,"1","35","2",632,"UNIVERSIDAD INTERCONTINENTAL",1,5,5,3,"1",15,1,6,163,8,422,0,4,"0","0",5,4,8000,0
"3490",6367,9,"2","35","2",632,"UNIVERSIDAD INTERCONTINENTAL",1,6,6,6,"4",7,1,10,283,438,500,0,3,"0","1",5,4,9000,1
"3496",6373,9,"1","33","1",632,"UNIVERSIDAD INTERCONTINENTAL",1,10,8,4,"4",11,1,6,365,12,192,0,4,"0","1",3,3,14000,1
"3497",6374,9,"2","35","2",632,"UNIVERSIDAD INTERCONTINENTAL",1,9,3,2,"4",10,1,9,158,58,498,0,4,"0","1",3,1,8000,1
"3498",6375,9,"2","36","2",632,"UNIVERSIDAD INTERCONTINENTAL",1,1,5,0,"2",15,1,12,76,0,268,2,3,"0","1",4,3,13000,0
"3499",6376,9,"2","32","2",632,"UNIVERSIDAD INTERCONTINENTAL",1,2,0,0,"4",10,1,9,59,0,346,0,4,"0","1",2,3,11000,1
"3512",6390,1,"1","34","1",40,"UNIVERSIDAD AUTÓNOMA DE AGUASCALIENTES",1,2,0,1,"4",3,1,10,149,9,186,0,2,"1","1",3,3,10000,1
"3522",6400,9,"2","29","2",1650,"UNIVERSIDAD MEXICANA",1,5,2,1,"3",10,1,9,61,29,451,0,4,"0","1",2,3,10700,1
"3523",6401,9,"2","35","2",1650,"UNIVERSIDAD MEXICANA",1,6,9,3,"4",10,1,11,111,0,192,5,4,"0","0",4,2,9000,1
"3525",6403,9,"1","32","2",1650,"UNIVERSIDAD MEXICANA",1,5,4,2,"2",4,1,10,338,3,500,0,3,"0","1",5,4,12000,0
"3527",6405,9,"2","34","1",1650,"UNIVERSIDAD MEXICANA",1,5,5,0,"4",10,1,8,125,0,200,1,2,"0","1",3,3,5000,1
"3529",6407,14,"1","35","2",3156,"UNIVERSIDAD TECNOLÓGICA DE MATAMOROS",1,2,0,0,"4",9,1,10,72,16,420,0,6,"1","1",2,3,7000,1
"3531",6409,9,"1","33","2",3156,"UNIVERSIDAD TECNOLÓGICA DE MATAMOROS",1,0,0,1,"4",3,1,6,113,71,500,0,6,"1","0",2,3,8000,1
"3532",6410,3,"1","33","2",3156,"UNIVERSIDAD TECNOLÓGICA DE MATAMOROS",1,2,3,0,"4",5,1,10,139,71,421,1,7,"1","1",3,3,6000,1
"3540",6418,14,"1","32","2",1460,"UNIVERSIDAD TECNOLÓGICA DE JALISCO",1,7,5,1,"4",12,1,6,177,0,102,0,4,"1","1",4,3,7000,1
"3546",6424,14,"1","30","2",1460,"UNIVERSIDAD TECNOLÓGICA DE JALISCO",1,2,3,2,"4",9,1,10,287,24,68,2,6,"1","1",4,3,7000,1
"3548",6426,14,"2","30","2",1460,"UNIVERSIDAD TECNOLÓGICA DE JALISCO",1,5,8,0,"4",7,1,10,181,0,441,0,4,"1","1",4,4,9000,1
"3565",6443,15,"2","33","2",2732,"UNIVERSIDAD INTERAMERICANA PARA EL DESARROLLO",1,2,1,0,"4",6,1,10,24,0,175,1,3,"0","1",1,2,7000,1
"3573",6452,9,"2","32","2",2732,"UNIVERSIDAD INTERAMERICANA PARA EL DESARROLLO",1,9,10,2,"4",8,1,20,311,58,328,0,4,"0","1",5,3,12000,1
"3588",6467,22,"2","32","2",2687,"UNIVERSIDAD AUTÓNOMA DE QUERÉTARO",1,7,3,0,"4",10,1,18,307,32,187,8,2,"1","1",3,3,6500,1
"3601",6480,9,"1","31","2",1635,"UNIVERSIDAD DEL VALLE DE MÉXICO",1,3,1,0,"4",7,1,10,270,22,104,0,7,"0","1",2,3,7500,1
"3617",6496,9,"1","33","1",1635,"UNIVERSIDAD DEL VALLE DE MÉXICO",1,0,16,5,"1",13,1,30,145,61,500,0,7,"0","1",3,3,6500,0
"3625",6504,9,"1","35","2",1635,"UNIVERSIDAD DEL VALLE DE MÉXICO",1,6,2,3,"4",9,1,14,105,10,214,0,4,"0","1",3,2,15000,1
"3635",6514,9,"2","34","1",645,"UNIVERSIDAD PANAMERICANA",1,0,0,0,"4",12,1,9,40,3,110,0,4,"0","1",2,2,12000,1
"3651",6531,9,"2","31","2",668,"CENTRO DE INVESTIGACIÓN Y DOCENCIA ECONÓMICAS, A.C.",0,4,3,1,"4",8,1,2,32,0,188,2,3,"1","1",3,3,7000,1
"3652",6533,9,"2","34","2",590,"INSTITUTO TECNOLÓGICO AUTÓNOMO DE MÉXICO",0,2,0,0,"4",10,1,10,22,0,500,0,3,"0","1",3,3,8000,1
"3654",6535,9,"1","31","1",712,"UNIVERSIDAD NACIONAL AUTÓNOMA DE MÉXICO",1,0,0,0,"4",10,1,14,58,35,500,0,3,"1","1",4,3,10500,1
"3664",6545,9,"1","33","2",514,"ESCUELA BANCARIA Y COMERCIAL, S.C.",1,0,0,0,"4",12,1,10,62,0,319,0,4,"0","1",5,5,11000,1
"3666",6554,9,"2","34","1",693,"INSTITUTO POLITÉCNICO NACIONAL",1,3,2,0,"4",11,1,10,61,17,500,2,10,"1","1",4,5,12000,1
"3682",6573,21,"2","35","2",2422,"FUNDACIÓN UNIVERSIDAD DE LAS AMÉRICAS, PUEBLA",1,2,0,0,"1",10,1,9,39,3,82,0,4,"0","1",3,3,7500,0
"3684",6575,21,"1","33","1",2422,"FUNDACIÓN UNIVERSIDAD DE LAS AMÉRICAS, PUEBLA",1,1,0,0,"4",8,1,10,39,0,29,0,6,"0","1",3,4,9000,1
"3686",6577,21,"2","36","2",2422,"FUNDACIÓN UNIVERSIDAD DE LAS AMÉRICAS, PUEBLA",1,0,0,1,"4",7,1,6,39,0,52,0,7,"0","1",5,5,9500,1
"3699",6590,9,"2","32","2",712,"UNIVERSIDAD NACIONAL AUTÓNOMA DE MÉXICO",1,0,0,0,"3",5,1,5,19,3,133,0,3,"1","1",2,2,8000,1
"3703",6594,9,"1","30","2",712,"UNIVERSIDAD NACIONAL AUTÓNOMA DE MÉXICO",1,0,0,0,"4",5,1,10,40,0,289,1,6,"1","1",3,3,9000,1
"3705",6596,9,"2","31","2",712,"UNIVERSIDAD NACIONAL AUTÓNOMA DE MÉXICO",1,0,0,1,"4",9,1,5,42,6,236,0,4,"1","0",4,3,10500,1
"3706",6597,15,"2","29","2",712,"UNIVERSIDAD NACIONAL AUTÓNOMA DE MÉXICO",1,0,0,0,"4",5,1,6,17,1,86,0,4,"1","1",2,2,8000,1
"3741",6632,14,"2","29","2",1453,"UNIVERSIDAD DE GUADALAJARA",0,2,0,0,"4",4,1,12,42,0,318,6,6,"1","1",5,4,13000,1
"3744",6635,14,"2","30","2",1453,"UNIVERSIDAD DE GUADALAJARA",0,0,7,0,"2",8,1,14,49,0,246,0,2,"1","1",5,3,13000,0
"3751",6642,14,"1","30","2",1453,"UNIVERSIDAD DE GUADALAJARA",0,0,0,0,"4",9,1,10,58,0,500,0,6,"1","0",5,5,15000,1
"3753",6644,14,"1","29","2",1453,"UNIVERSIDAD DE GUADALAJARA",1,0,0,3,"4",7,1,7,32,5,500,1,6,"1","1",4,4,14000,1
"3756",6647,14,"2","30","2",1453,"UNIVERSIDAD DE GUADALAJARA",0,0,0,0,"4",8,1,6,56,0,357,1,2,"1","0",5,5,20000,1
"3761",6652,14,"2","31","2",1453,"UNIVERSIDAD DE GUADALAJARA",1,1,1,0,"4",6,1,10,51,0,250,5,7,"1","1",5,5,20000,1
"3769",6682,9,"2","31","2",2897,"UNIVERSIDAD AUTÓNOMA DE SINALOA",1,2,2,0,"4",8,1,1,48,0,49,0,6,"1","1",3,2,8000,1
"3778",6691,25,"2","32","2",2897,"UNIVERSIDAD AUTÓNOMA DE SINALOA",1,0,2,0,"2",7,1,9,21,3,251,0,6,"1","0",2,2,6500,0
"3783",6696,25,"2","35","2",2897,"UNIVERSIDAD AUTÓNOMA DE SINALOA",1,0,1,0,"4",10,1,10,48,2,80,1,6,"1","0",3,2,8000,1
"3795",6708,15,"2","36","2",1771,"UNIVERSIDAD AUTÓNOMA DEL ESTADO DE MÉXICO",1,0,0,1,"4",5,1,9,32,0,181,1,3,"1","0",3,2,8000,1
"3798",6711,9,"1","31","2",1771,"UNIVERSIDAD AUTÓNOMA DEL ESTADO DE MÉXICO",1,2,1,0,"4",8,1,10,55,0,500,6,6,"1","1",5,4,11000,1
"3801",6714,9,"1","32","2",1771,"UNIVERSIDAD AUTÓNOMA DEL ESTADO DE MÉXICO",1,4,0,0,"4",7,1,10,39,3,500,2,4,"1","1",3,3,9500,1
"3804",6718,9,"1","36","2",1771,"UNIVERSIDAD AUTÓNOMA DEL ESTADO DE MÉXICO",1,0,0,1,"3",12,1,10,38,0,329,0,4,"1","0",4,4,9500,1
"3807",6721,15,"2","33","2",1771,"UNIVERSIDAD AUTÓNOMA DEL ESTADO DE MÉXICO",1,2,2,0,"4",10,1,16,42,6,490,0,5,"1","1",5,3,10000,1
"3816",6730,21,"1","32","2",2557,"BENEMÉRITA UNIVERSIDAD AUTÓNOMA DE PUEBLA",1,2,1,1,"4",7,1,2,50,0,10,1,4,"1","1",5,5,10500,1
"3825",6739,21,"1","36","1",2557,"BENEMÉRITA UNIVERSIDAD AUTÓNOMA DE PUEBLA",1,0,3,0,"4",6,1,10,37,17,500,0,4,"1","1",5,5,11000,1
"3828",6742,9,"2","35","2",2557,"BENEMÉRITA UNIVERSIDAD AUTÓNOMA DE PUEBLA",1,5,4,0,"3",5,1,10,35,0,305,1,7,"1","1",4,4,10500,1
"3829",6743,15,"2","34","2",2557,"BENEMÉRITA UNIVERSIDAD AUTÓNOMA DE PUEBLA",1,5,3,1,"4",10,1,16,55,3,500,0,4,"1","1",5,4,10500,1
"3831",6746,16,"1","31","2",1917,"UNIVERSIDAD MICHOACANA DE SAN NICOLÁS DE HIDALGO",1,0,0,0,"2",8,1,14,33,0,329,0,4,"1","0",5,4,10500,0
"3853",6768,9,"2","29","2",651,"UNIVERSIDAD TECNOLÓGICA DE MÉXICO",1,2,4,1,"2",7,1,20,18,2,339,0,4,"0","1",4,4,10400,0
"3886",6991,21,"2","31","2",2422,"FUNDACIÓN UNIVERSIDAD DE LAS AMÉRICAS, PUEBLA",1,3,3,1,"4",5,1,12,46,3,316,3,5,"0","1",4,4,9000,1
"3902",7008,9,"1","35","2",590,"INSTITUTO TECNOLÓGICO AUTÓNOMO DE MÉXICO",1,3,2,0,"4",10,1,8,56,6,404,1,5,"0","1",5,5,17000,1
